event_id,trip_id,event_time,event_type,severity
E00001,T0002,2024-04-05 10:39:00,hard_brake,2
E00002,T0002,2024-04-05 10:54:00,sharp_turn,3
E00003,T0006,2024-02-05 07:54:00,rapid_accel,1
E00004,T0007,2024-04-27 05:27:00,sharp_turn,4
E00005,T0007,2024-04-27 05:39:00,rapid_accel,2
E00006,T0008,2024-07-18 04:32:00,rapid_accel,2
E00007,T0008,2024-07-18 04:34:00,speeding,4
E00008,T0010,2024-02-23 07:42:00,sharp_turn,1
E00009,T0012,2024-04-13 16:31:00,rapid_accel,1
E00010,T0013,2024-05-16 08:19:00,hard_brake,1
E00011,T0014,2024-07-12 18:28:00,sharp_turn,4
E00012,T0016,2024-03-20 04:34:00,speeding,1
E00013,T0018,2024-04-26 19:25:00,hard_brake,2
E00014,T0018,2024-04-26 20:12:00,hard_brake,5
E00015,T0023,2024-07-01 22:16:00,speeding,4
E00016,T0024,2024-05-16 21:33:00,sharp_turn,3
E00017,T0025,2024-01-28 22:23:00,hard_brake,3
E00018,T0026,2024-04-23 13:31:00,rapid_accel,4
E00019,T0028,2024-03-18 16:15:00,rapid_accel,5
E00020,T0030,2024-01-27 20:06:00,speeding,3
E00021,T0030,2024-01-27 19:10:00,rapid_accel,3
E00022,T0031,2024-05-07 07:07:00,hard_brake,5
E00023,T0032,2024-02-21 12:55:00,speeding,2
E00024,T0032,2024-02-21 13:19:00,sharp_turn,2
E00025,T0032,2024-02-21 12:24:00,sharp_turn,5
E00026,T0033,2024-05-20 17:17:00,rapid_accel,1
E00027,T0033,2024-05-20 16:57:00,sharp_turn,2
E00028,T0037,2024-03-16 10:46:00,sharp_turn,4
E00029,T0037,2024-03-16 10:04:00,hard_brake,1
E00030,T0039,2024-04-19 04:23:00,sharp_turn,3
E00031,T0039,2024-04-19 04:17:00,sharp_turn,1
E00032,T0043,2024-04-26 09:22:00,hard_brake,4
E00033,T0046,2024-06-22 15:16:00,hard_brake,4
E00034,T0047,2024-06-05 02:25:00,rapid_accel,5
E00035,T0048,2024-05-04 05:03:00,rapid_accel,3
E00036,T0049,2024-03-07 22:59:00,sharp_turn,5
E00037,T0049,2024-03-07 22:38:00,speeding,5
E00038,T0049,2024-03-07 22:52:00,hard_brake,3
E00039,T0050,2024-07-15 21:52:00,rapid_accel,3
E00040,T0052,2024-05-03 13:44:00,hard_brake,2
E00041,T0053,2024-05-22 21:08:00,speeding,1
E00042,T0053,2024-05-22 20:57:00,hard_brake,4
E00043,T0055,2024-05-05 11:12:00,speeding,2
E00044,T0056,2024-01-13 17:46:00,hard_brake,3
E00045,T0057,2024-04-13 08:22:00,speeding,5
E00046,T0057,2024-04-13 08:18:00,speeding,3
E00047,T0058,2024-04-24 05:07:00,speeding,4
E00048,T0059,2024-07-09 22:25:00,speeding,2
E00049,T0064,2024-05-23 21:45:00,rapid_accel,4
E00050,T0069,2024-01-28 10:37:00,rapid_accel,5
E00051,T0073,2024-05-07 02:23:00,hard_brake,2
E00052,T0073,2024-05-07 02:04:00,speeding,1
E00053,T0074,2024-04-20 20:38:00,sharp_turn,1
E00054,T0075,2024-06-26 20:22:00,speeding,1
E00055,T0077,2024-05-09 13:22:00,sharp_turn,5
E00056,T0079,2024-02-04 05:19:00,hard_brake,5
E00057,T0080,2024-03-18 00:35:00,hard_brake,3
E00058,T0081,2024-06-10 07:44:00,sharp_turn,3
E00059,T0082,2024-06-24 13:02:00,speeding,1
E00060,T0083,2024-05-08 19:07:00,rapid_accel,5
E00061,T0083,2024-05-08 20:18:00,hard_brake,3
E00062,T0084,2024-03-31 20:23:00,rapid_accel,2
E00063,T0085,2024-06-21 19:15:00,hard_brake,1
E00064,T0087,2024-01-14 23:09:00,sharp_turn,1
E00065,T0087,2024-01-14 22:53:00,speeding,4
E00066,T0089,2024-06-25 10:40:00,sharp_turn,5
E00067,T0090,2024-04-01 15:54:00,sharp_turn,4
E00068,T0093,2024-04-09 16:14:00,rapid_accel,2
E00069,T0096,2024-07-08 21:07:00,speeding,4
E00070,T0096,2024-07-08 21:17:00,speeding,2
E00071,T0097,2024-04-24 07:26:00,hard_brake,5
E00072,T0097,2024-04-24 08:53:00,speeding,4
E00073,T0097,2024-04-24 07:02:00,speeding,3
E00074,T0097,2024-04-24 08:21:00,hard_brake,4
E00075,T0099,2024-03-12 19:34:00,hard_brake,2
E00076,T0099,2024-03-12 19:02:00,sharp_turn,5
E00077,T0099,2024-03-12 19:14:00,hard_brake,2
E00078,T0099,2024-03-12 20:08:00,hard_brake,5
E00079,T0101,2024-01-11 06:20:00,rapid_accel,4
E00080,T0101,2024-01-11 06:18:00,hard_brake,1
E00081,T0103,2024-03-22 18:38:00,rapid_accel,1
E00082,T0103,2024-03-22 18:13:00,rapid_accel,2
E00083,T0105,2024-04-13 04:38:00,speeding,1
E00084,T0106,2024-06-18 12:27:00,sharp_turn,4
E00085,T0108,2024-07-11 22:09:00,speeding,1
E00086,T0109,2024-04-24 09:39:00,speeding,2
E00087,T0109,2024-04-24 09:58:00,hard_brake,5
E00088,T0110,2024-03-03 02:42:00,speeding,3
E00089,T0112,2024-01-07 17:49:00,hard_brake,1
E00090,T0113,2024-04-24 16:41:00,sharp_turn,2
E00091,T0115,2024-05-16 01:01:00,sharp_turn,1
E00092,T0116,2024-06-24 14:37:00,sharp_turn,4
E00093,T0117,2024-06-14 05:20:00,rapid_accel,1
E00094,T0118,2024-07-02 11:28:00,sharp_turn,2
E00095,T0119,2024-03-05 19:02:00,hard_brake,3
E00096,T0119,2024-03-05 19:14:00,hard_brake,3
E00097,T0120,2024-04-14 13:32:00,speeding,3
E00098,T0120,2024-04-14 13:47:00,speeding,1
E00099,T0120,2024-04-14 13:20:00,rapid_accel,2
E00100,T0121,2024-03-21 02:10:00,rapid_accel,4
E00101,T0122,2024-01-03 00:03:00,speeding,1
E00102,T0127,2024-05-19 11:12:00,hard_brake,3
E00103,T0129,2024-01-02 21:30:00,speeding,1
E00104,T0129,2024-01-02 21:35:00,hard_brake,4
E00105,T0130,2024-01-22 11:04:00,rapid_accel,1
E00106,T0130,2024-01-22 10:41:00,hard_brake,2
E00107,T0132,2024-02-11 07:04:00,rapid_accel,3
E00108,T0136,2024-05-04 12:29:00,speeding,4
E00109,T0137,2024-01-26 10:04:00,rapid_accel,2
E00110,T0138,2024-05-04 16:09:00,rapid_accel,2
E00111,T0138,2024-05-04 16:30:00,speeding,5
E00112,T0139,2024-05-29 07:07:00,hard_brake,1
E00113,T0140,2024-04-19 05:51:00,speeding,5
E00114,T0141,2024-07-01 22:29:00,rapid_accel,1
E00115,T0143,2024-04-24 12:21:00,speeding,3
E00116,T0146,2024-01-20 01:42:00,speeding,3
E00117,T0147,2024-05-28 14:43:00,sharp_turn,1
E00118,T0148,2024-05-21 09:34:00,hard_brake,3
E00119,T0150,2024-07-16 20:18:00,speeding,1
E00120,T0151,2024-01-24 13:49:00,sharp_turn,4
E00121,T0151,2024-01-24 13:58:00,sharp_turn,3
E00122,T0151,2024-01-24 14:53:00,sharp_turn,4
E00123,T0155,2024-02-29 02:42:00,rapid_accel,3
E00124,T0157,2024-04-09 16:44:00,rapid_accel,4
E00125,T0164,2024-02-12 08:10:00,sharp_turn,1
E00126,T0164,2024-02-12 08:13:00,rapid_accel,1
E00127,T0165,2024-02-24 05:45:00,speeding,1
E00128,T0166,2024-01-31 22:34:00,rapid_accel,4
E00129,T0170,2024-02-04 23:34:00,speeding,5
E00130,T0170,2024-02-04 21:49:00,hard_brake,5
E00131,T0171,2024-02-07 01:55:00,speeding,1
E00132,T0174,2024-04-24 21:27:00,speeding,5
E00133,T0174,2024-04-24 21:27:00,speeding,2
E00134,T0176,2024-06-08 22:32:00,hard_brake,4
E00135,T0176,2024-06-09 00:04:00,rapid_accel,4
E00136,T0178,2024-04-08 04:30:00,rapid_accel,1
E00137,T0179,2024-05-10 00:58:00,sharp_turn,3
E00138,T0180,2024-02-15 17:03:00,hard_brake,5
E00139,T0180,2024-02-15 18:54:00,sharp_turn,2
E00140,T0181,2024-05-08 04:07:00,speeding,3
E00141,T0181,2024-05-08 04:01:00,sharp_turn,4
E00142,T0185,2024-01-26 15:09:00,rapid_accel,1
E00143,T0187,2024-06-30 01:04:00,speeding,1
E00144,T0188,2024-01-02 13:59:00,speeding,2
E00145,T0189,2024-04-14 12:33:00,rapid_accel,1
E00146,T0190,2024-03-05 09:27:00,hard_brake,2
E00147,T0193,2024-05-23 20:02:00,rapid_accel,5
E00148,T0193,2024-05-23 20:06:00,rapid_accel,1
E00149,T0193,2024-05-23 20:00:00,speeding,1
E00150,T0195,2024-02-28 15:41:00,hard_brake,3
E00151,T0196,2024-04-12 13:23:00,speeding,3
E00152,T0197,2024-04-09 21:42:00,speeding,4
E00153,T0197,2024-04-09 21:44:00,hard_brake,2
E00154,T0199,2024-04-04 02:55:00,sharp_turn,4
E00155,T0204,2024-02-13 23:08:00,speeding,3
E00156,T0206,2024-06-20 13:29:00,speeding,2
E00157,T0206,2024-06-20 14:11:00,hard_brake,5
E00158,T0206,2024-06-20 15:12:00,hard_brake,2
E00159,T0209,2024-02-27 21:25:00,speeding,1
E00160,T0210,2024-05-27 00:40:00,rapid_accel,2
E00161,T0210,2024-05-27 00:51:00,sharp_turn,1
E00162,T0211,2024-05-23 02:52:00,hard_brake,4
E00163,T0212,2024-03-06 20:11:00,hard_brake,5
E00164,T0213,2024-05-24 17:12:00,sharp_turn,2
E00165,T0216,2024-06-23 00:09:00,speeding,2
E00166,T0216,2024-06-23 00:39:00,hard_brake,3
E00167,T0218,2024-03-14 04:16:00,rapid_accel,1
E00168,T0220,2024-02-25 20:30:00,hard_brake,4
E00169,T0221,2024-07-07 07:03:00,hard_brake,1
E00170,T0221,2024-07-07 06:52:00,speeding,3
E00171,T0223,2024-02-09 03:42:00,rapid_accel,1
E00172,T0223,2024-02-09 04:06:00,hard_brake,3
E00173,T0225,2024-06-07 12:35:00,hard_brake,1
E00174,T0226,2024-03-11 17:28:00,hard_brake,5
E00175,T0230,2024-04-27 04:19:00,sharp_turn,4
E00176,T0230,2024-04-27 05:48:00,hard_brake,5
E00177,T0230,2024-04-27 05:51:00,rapid_accel,5
E00178,T0234,2024-04-03 06:18:00,speeding,4
E00179,T0235,2024-06-28 13:41:00,speeding,5
E00180,T0236,2024-04-25 06:33:00,sharp_turn,1
E00181,T0237,2024-06-24 08:02:00,sharp_turn,5
E00182,T0238,2024-05-22 15:09:00,hard_brake,1
E00183,T0239,2024-05-01 00:19:00,hard_brake,5
E00184,T0240,2024-05-12 18:37:00,rapid_accel,5
E00185,T0241,2024-03-05 20:16:00,sharp_turn,4
E00186,T0242,2024-06-25 05:49:00,speeding,2
E00187,T0247,2024-07-18 10:13:00,rapid_accel,1
E00188,T0249,2024-04-28 21:36:00,rapid_accel,3
E00189,T0249,2024-04-28 22:10:00,speeding,5
E00190,T0249,2024-04-28 22:14:00,sharp_turn,3
E00191,T0250,2024-04-18 00:01:00,rapid_accel,2
E00192,T0253,2024-04-23 14:23:00,sharp_turn,5
E00193,T0254,2024-04-15 06:03:00,sharp_turn,3
E00194,T0254,2024-04-15 05:42:00,rapid_accel,1
E00195,T0255,2024-03-01 23:05:00,hard_brake,4
E00196,T0255,2024-03-01 23:19:00,rapid_accel,2
E00197,T0257,2024-05-01 18:49:00,hard_brake,3
E00198,T0257,2024-05-01 18:49:00,speeding,4
E00199,T0258,2024-05-14 03:11:00,sharp_turn,5
E00200,T0259,2024-01-22 22:59:00,speeding,3
E00201,T0259,2024-01-22 22:41:00,hard_brake,4
E00202,T0262,2024-05-01 16:06:00,speeding,2
E00203,T0263,2024-04-23 04:36:00,rapid_accel,2
E00204,T0263,2024-04-23 06:35:00,rapid_accel,2
E00205,T0264,2024-04-26 23:35:00,sharp_turn,4
E00206,T0264,2024-04-26 22:24:00,speeding,2
E00207,T0267,2024-04-03 14:04:00,sharp_turn,1
E00208,T0267,2024-04-03 14:13:00,sharp_turn,1
E00209,T0268,2024-01-01 18:26:00,hard_brake,2
E00210,T0271,2024-05-20 13:03:00,speeding,2
E00211,T0272,2024-04-21 14:14:00,hard_brake,1
E00212,T0273,2024-02-26 09:04:00,rapid_accel,3
E00213,T0273,2024-02-26 09:03:00,rapid_accel,3
E00214,T0277,2024-04-25 10:01:00,sharp_turn,5
E00215,T0277,2024-04-25 10:19:00,rapid_accel,2
E00216,T0278,2024-01-05 05:11:00,rapid_accel,3
E00217,T0278,2024-01-05 05:14:00,hard_brake,2
E00218,T0278,2024-01-05 05:23:00,hard_brake,3
E00219,T0280,2024-01-03 08:02:00,sharp_turn,4
E00220,T0281,2024-02-25 12:10:00,sharp_turn,3
E00221,T0282,2024-04-05 15:59:00,rapid_accel,5
E00222,T0282,2024-04-05 16:01:00,speeding,1
E00223,T0282,2024-04-05 15:50:00,rapid_accel,2
E00224,T0283,2024-01-15 10:46:00,rapid_accel,2
E00225,T0283,2024-01-15 10:13:00,speeding,3
E00226,T0285,2024-02-01 09:09:00,speeding,2
E00227,T0292,2024-02-12 09:36:00,rapid_accel,5
E00228,T0293,2024-01-03 02:41:00,rapid_accel,3
E00229,T0293,2024-01-03 02:29:00,hard_brake,3
E00230,T0300,2024-01-11 18:24:00,rapid_accel,5
E00231,T0302,2024-03-30 13:05:00,speeding,2
E00232,T0304,2024-03-16 09:19:00,speeding,5
E00233,T0304,2024-03-16 09:15:00,rapid_accel,5
E00234,T0305,2024-07-17 23:25:00,sharp_turn,4
E00235,T0305,2024-07-17 23:58:00,speeding,2
E00236,T0308,2024-05-15 00:41:00,sharp_turn,5
E00237,T0308,2024-05-15 01:22:00,speeding,4
E00238,T0309,2024-06-05 10:13:00,speeding,5
E00239,T0311,2024-02-03 06:15:00,hard_brake,2
E00240,T0314,2024-04-03 08:28:00,rapid_accel,4
E00241,T0314,2024-04-03 08:32:00,speeding,2
E00242,T0315,2024-02-23 23:40:00,speeding,4
E00243,T0319,2024-05-12 03:36:00,rapid_accel,3
E00244,T0320,2024-04-08 06:44:00,hard_brake,2
E00245,T0320,2024-04-08 07:16:00,hard_brake,3
E00246,T0322,2024-04-16 05:29:00,sharp_turn,2
E00247,T0323,2024-06-28 23:56:00,hard_brake,4
E00248,T0324,2024-05-20 15:53:00,sharp_turn,4
E00249,T0325,2024-05-16 21:25:00,speeding,4
E00250,T0329,2024-04-25 16:08:00,sharp_turn,4
E00251,T0330,2024-03-13 20:25:00,sharp_turn,4
E00252,T0333,2024-05-22 19:34:00,rapid_accel,4
E00253,T0337,2024-07-06 03:07:00,sharp_turn,1
E00254,T0338,2024-05-05 01:03:00,hard_brake,3
E00255,T0338,2024-05-05 01:40:00,hard_brake,3
E00256,T0340,2024-04-07 02:47:00,hard_brake,1
E00257,T0340,2024-04-07 02:42:00,sharp_turn,1
E00258,T0341,2024-03-30 15:58:00,rapid_accel,3
E00259,T0343,2024-01-14 11:14:00,sharp_turn,3
E00260,T0344,2024-05-24 05:44:00,sharp_turn,2
E00261,T0345,2024-02-09 04:17:00,rapid_accel,5
E00262,T0345,2024-02-09 02:49:00,hard_brake,3
E00263,T0347,2024-04-20 10:29:00,sharp_turn,4
E00264,T0348,2024-01-22 17:57:00,hard_brake,4
E00265,T0349,2024-04-12 09:17:00,rapid_accel,4
E00266,T0350,2024-07-18 00:03:00,rapid_accel,2
E00267,T0352,2024-05-23 23:02:00,rapid_accel,5
E00268,T0352,2024-05-23 23:00:00,speeding,3
E00269,T0354,2024-01-23 04:11:00,sharp_turn,2
E00270,T0354,2024-01-23 05:39:00,speeding,2
E00271,T0354,2024-01-23 05:42:00,speeding,5
E00272,T0356,2024-07-16 10:25:00,sharp_turn,2
E00273,T0356,2024-07-16 11:00:00,rapid_accel,3
E00274,T0357,2024-06-08 06:32:00,hard_brake,4
E00275,T0357,2024-06-08 06:41:00,sharp_turn,3
E00276,T0357,2024-06-08 05:26:00,speeding,4
E00277,T0358,2024-06-24 13:28:00,speeding,5
E00278,T0359,2024-01-29 02:29:00,sharp_turn,5
E00279,T0361,2024-04-25 16:04:00,hard_brake,2
E00280,T0362,2024-02-24 07:36:00,sharp_turn,5
E00281,T0364,2024-04-06 22:34:00,speeding,4
E00282,T0365,2024-01-16 09:54:00,speeding,1
E00283,T0367,2024-01-18 15:31:00,speeding,2
E00284,T0367,2024-01-18 15:16:00,hard_brake,3
E00285,T0369,2024-04-07 17:39:00,speeding,3
E00286,T0369,2024-04-07 17:23:00,rapid_accel,1
E00287,T0370,2024-06-01 18:29:00,rapid_accel,1
E00288,T0371,2024-05-23 00:59:00,hard_brake,2
E00289,T0374,2024-03-01 17:31:00,hard_brake,4
E00290,T0375,2024-01-08 19:32:00,rapid_accel,2
E00291,T0378,2024-03-02 19:51:00,hard_brake,4
E00292,T0379,2024-03-25 15:33:00,sharp_turn,5
E00293,T0380,2024-05-18 23:20:00,rapid_accel,3
E00294,T0381,2024-06-29 18:18:00,speeding,2
E00295,T0382,2024-06-16 19:23:00,rapid_accel,5
E00296,T0383,2024-05-16 04:28:00,speeding,1
E00297,T0384,2024-07-05 01:49:00,rapid_accel,2
E00298,T0384,2024-07-05 01:26:00,sharp_turn,4
E00299,T0386,2024-02-08 06:54:00,rapid_accel,5
E00300,T0388,2024-06-05 10:19:00,sharp_turn,5
E00301,T0390,2024-07-01 22:35:00,speeding,3
E00302,T0390,2024-07-01 22:35:00,hard_brake,2
E00303,T0391,2024-05-01 05:09:00,hard_brake,4
E00304,T0391,2024-05-01 05:19:00,rapid_accel,5
E00305,T0393,2024-07-09 23:15:00,speeding,4
E00306,T0393,2024-07-09 23:23:00,hard_brake,1
E00307,T0393,2024-07-09 23:12:00,speeding,3
E00308,T0395,2024-04-27 09:54:00,sharp_turn,4
E00309,T0395,2024-04-27 09:43:00,rapid_accel,4
E00310,T0396,2024-06-04 13:30:00,rapid_accel,5
E00311,T0396,2024-06-04 13:54:00,speeding,4
E00312,T0399,2024-03-03 18:28:00,hard_brake,4
E00313,T0402,2024-04-28 07:09:00,hard_brake,2
E00314,T0402,2024-04-28 07:33:00,rapid_accel,3
E00315,T0403,2024-05-12 06:43:00,sharp_turn,1
E00316,T0404,2024-01-24 17:18:00,speeding,4
E00317,T0405,2024-06-27 19:14:00,hard_brake,3
E00318,T0406,2024-04-25 00:55:00,hard_brake,5
E00319,T0407,2024-04-26 03:45:00,speeding,4
E00320,T0408,2024-07-02 04:18:00,sharp_turn,2
E00321,T0410,2024-05-10 21:25:00,hard_brake,4
E00322,T0411,2024-01-12 05:52:00,hard_brake,4
E00323,T0411,2024-01-12 06:37:00,sharp_turn,4
E00324,T0412,2024-02-11 05:08:00,speeding,1
E00325,T0414,2024-01-31 04:29:00,sharp_turn,1
E00326,T0415,2024-04-27 17:33:00,sharp_turn,4
E00327,T0418,2024-01-02 10:25:00,speeding,1
E00328,T0418,2024-01-02 08:42:00,rapid_accel,4
E00329,T0419,2024-02-23 01:48:00,speeding,3
E00330,T0422,2024-02-11 23:16:00,rapid_accel,1
E00331,T0425,2024-04-04 13:15:00,hard_brake,2
E00332,T0426,2024-01-17 10:36:00,hard_brake,5
E00333,T0426,2024-01-17 11:33:00,speeding,2
E00334,T0428,2024-06-05 02:03:00,hard_brake,3
E00335,T0428,2024-06-05 02:08:00,speeding,3
E00336,T0430,2024-04-19 21:08:00,rapid_accel,1
E00337,T0431,2024-06-08 12:38:00,rapid_accel,4
E00338,T0432,2024-05-13 21:46:00,hard_brake,4
E00339,T0433,2024-06-05 08:35:00,speeding,1
E00340,T0433,2024-06-05 09:12:00,hard_brake,1
E00341,T0433,2024-06-05 08:44:00,rapid_accel,2
E00342,T0434,2024-01-31 01:36:00,rapid_accel,2
E00343,T0434,2024-01-31 01:00:00,hard_brake,4
E00344,T0442,2024-05-17 11:29:00,hard_brake,3
E00345,T0443,2024-07-09 02:43:00,hard_brake,2
E00346,T0443,2024-07-09 02:18:00,rapid_accel,2
E00347,T0444,2024-05-22 18:17:00,speeding,5
E00348,T0447,2024-06-04 13:23:00,sharp_turn,3
E00349,T0449,2024-03-01 13:52:00,rapid_accel,5
E00350,T0449,2024-03-01 13:07:00,speeding,4
E00351,T0450,2024-02-25 18:10:00,rapid_accel,2
E00352,T0450,2024-02-25 18:08:00,sharp_turn,3
E00353,T0451,2024-07-19 01:27:00,hard_brake,4
E00354,T0452,2024-01-07 17:48:00,hard_brake,4
E00355,T0452,2024-01-07 17:22:00,speeding,2
E00356,T0453,2024-05-03 18:00:00,sharp_turn,5
E00357,T0453,2024-05-03 18:39:00,hard_brake,1
E00358,T0457,2024-01-23 13:15:00,rapid_accel,4
E00359,T0458,2024-05-13 23:07:00,speeding,1
E00360,T0459,2024-02-23 11:42:00,rapid_accel,3
E00361,T0460,2024-05-16 11:05:00,sharp_turn,4
E00362,T0462,2024-05-23 17:40:00,sharp_turn,2
E00363,T0462,2024-05-23 17:52:00,speeding,1
E00364,T0462,2024-05-23 17:53:00,hard_brake,5
E00365,T0463,2024-05-20 12:06:00,speeding,4
E00366,T0468,2024-06-26 00:57:00,rapid_accel,5
E00367,T0470,2024-05-25 04:47:00,hard_brake,2
E00368,T0471,2024-01-25 15:35:00,hard_brake,3
E00369,T0472,2024-04-30 08:09:00,speeding,2
E00370,T0472,2024-04-30 08:33:00,hard_brake,1
E00371,T0473,2024-04-03 13:30:00,sharp_turn,4
E00372,T0474,2024-03-24 16:43:00,rapid_accel,2
E00373,T0478,2024-05-16 16:32:00,rapid_accel,1
E00374,T0478,2024-05-16 16:14:00,speeding,3
E00375,T0478,2024-05-16 16:01:00,sharp_turn,3
E00376,T0479,2024-06-07 08:29:00,speeding,3
E00377,T0481,2024-07-19 14:57:00,rapid_accel,3
E00378,T0482,2024-06-26 08:24:00,rapid_accel,2
E00379,T0484,2024-04-28 13:24:00,hard_brake,2
E00380,T0484,2024-04-28 12:02:00,speeding,5
E00381,T0484,2024-04-28 12:28:00,rapid_accel,4
E00382,T0485,2024-03-19 14:11:00,hard_brake,1
E00383,T0487,2024-01-24 07:56:00,hard_brake,2
E00384,T0488,2024-07-12 05:13:00,rapid_accel,2
E00385,T0490,2024-02-22 23:31:00,hard_brake,2
E00386,T0490,2024-02-23 00:30:00,rapid_accel,2
E00387,T0490,2024-02-23 00:19:00,hard_brake,4
E00388,T0491,2024-04-21 12:08:00,speeding,3
E00389,T0491,2024-04-21 11:50:00,rapid_accel,2
E00390,T0491,2024-04-21 11:58:00,rapid_accel,5
E00391,T0492,2024-04-13 04:52:00,sharp_turn,3
E00392,T0493,2024-01-14 02:28:00,speeding,2
E00393,T0494,2024-01-29 09:41:00,speeding,1
E00394,T0494,2024-01-29 09:42:00,speeding,4
E00395,T0495,2024-06-09 11:12:00,speeding,4
E00396,T0497,2024-05-22 14:01:00,speeding,2
E00397,T0498,2024-03-14 23:22:00,hard_brake,4
E00398,T0498,2024-03-14 23:19:00,hard_brake,3
E00399,T0499,2024-01-05 05:33:00,rapid_accel,3
E00400,T0499,2024-01-05 06:31:00,speeding,3
E00401,T0500,2024-02-05 22:53:00,sharp_turn,4
E00402,T0501,2024-06-08 07:19:00,speeding,1
E00403,T0504,2024-07-01 17:49:00,rapid_accel,4
E00404,T0507,2024-02-06 18:23:00,rapid_accel,2
E00405,T0508,2024-05-13 20:49:00,hard_brake,5
E00406,T0508,2024-05-13 21:12:00,sharp_turn,4
E00407,T0511,2024-05-26 12:09:00,speeding,4
E00408,T0514,2024-05-28 07:21:00,speeding,4
E00409,T0514,2024-05-28 07:04:00,hard_brake,4
E00410,T0515,2024-07-07 21:18:00,hard_brake,4
E00411,T0516,2024-02-02 17:33:00,rapid_accel,2
E00412,T0517,2024-03-05 06:22:00,sharp_turn,3
E00413,T0517,2024-03-05 06:41:00,speeding,3
E00414,T0519,2024-02-08 23:58:00,hard_brake,4
E00415,T0520,2024-03-08 00:49:00,rapid_accel,2
E00416,T0526,2024-07-10 19:11:00,hard_brake,3
E00417,T0527,2024-03-08 05:04:00,rapid_accel,3
E00418,T0527,2024-03-08 06:53:00,rapid_accel,3
E00419,T0529,2024-06-23 01:31:00,rapid_accel,1
E00420,T0529,2024-06-23 01:27:00,hard_brake,4
E00421,T0529,2024-06-23 01:36:00,hard_brake,5
E00422,T0529,2024-06-23 01:53:00,rapid_accel,4
E00423,T0532,2024-04-10 16:26:00,speeding,3
E00424,T0533,2024-02-19 19:12:00,sharp_turn,5
E00425,T0537,2024-01-07 21:25:00,speeding,5
E00426,T0539,2024-06-03 05:05:00,speeding,1
E00427,T0539,2024-06-03 04:39:00,sharp_turn,2
E00428,T0539,2024-06-03 05:00:00,rapid_accel,4
E00429,T0539,2024-06-03 05:55:00,sharp_turn,1
E00430,T0540,2024-02-17 03:57:00,speeding,1
E00431,T0541,2024-06-18 02:59:00,hard_brake,4
E00432,T0541,2024-06-18 04:49:00,speeding,3
E00433,T0543,2024-03-06 05:54:00,speeding,2
E00434,T0544,2024-04-07 13:37:00,sharp_turn,2
E00435,T0545,2024-02-15 15:24:00,rapid_accel,2
E00436,T0546,2024-06-05 13:55:00,rapid_accel,5
E00437,T0547,2024-02-06 18:41:00,speeding,5
E00438,T0549,2024-07-05 10:17:00,rapid_accel,2
E00439,T0549,2024-07-05 08:58:00,hard_brake,2
E00440,T0551,2024-06-19 13:43:00,sharp_turn,4
E00441,T0552,2024-04-10 19:39:00,hard_brake,2
E00442,T0552,2024-04-10 19:36:00,sharp_turn,1
E00443,T0553,2024-05-02 15:41:00,hard_brake,3
E00444,T0553,2024-05-02 15:01:00,sharp_turn,1
E00445,T0554,2024-05-18 07:46:00,rapid_accel,4
E00446,T0554,2024-05-18 07:45:00,hard_brake,1
E00447,T0555,2024-05-25 18:23:00,sharp_turn,1
E00448,T0557,2024-04-03 19:39:00,hard_brake,1
E00449,T0557,2024-04-03 18:41:00,hard_brake,4
E00450,T0557,2024-04-03 19:31:00,sharp_turn,4
E00451,T0558,2024-07-13 11:54:00,sharp_turn,5
E00452,T0558,2024-07-13 11:42:00,sharp_turn,3
E00453,T0558,2024-07-13 11:20:00,sharp_turn,2
E00454,T0559,2024-01-11 14:38:00,speeding,4
E00455,T0560,2024-06-11 00:48:00,hard_brake,3
E00456,T0561,2024-02-18 04:59:00,sharp_turn,1
E00457,T0561,2024-02-18 04:46:00,speeding,4
E00458,T0562,2024-05-05 13:20:00,hard_brake,5
E00459,T0564,2024-03-27 01:42:00,sharp_turn,2
E00460,T0565,2024-04-28 00:42:00,speeding,5
E00461,T0565,2024-04-28 01:09:00,speeding,2
E00462,T0569,2024-06-10 01:42:00,sharp_turn,1
E00463,T0571,2024-01-28 05:25:00,hard_brake,3
E00464,T0573,2024-03-24 07:00:00,speeding,2
E00465,T0573,2024-03-24 06:42:00,speeding,4
E00466,T0574,2024-02-24 04:09:00,hard_brake,3
E00467,T0574,2024-02-24 03:22:00,speeding,1
E00468,T0575,2024-01-31 09:44:00,sharp_turn,5
E00469,T0575,2024-01-31 09:32:00,rapid_accel,5
E00470,T0577,2024-01-11 05:01:00,hard_brake,2
E00471,T0578,2024-07-18 05:30:00,hard_brake,3
E00472,T0580,2024-04-17 01:26:00,speeding,2
E00473,T0580,2024-04-17 01:34:00,speeding,1
E00474,T0580,2024-04-17 00:41:00,rapid_accel,2
E00475,T0581,2024-02-06 22:17:00,rapid_accel,1
E00476,T0585,2024-05-15 03:42:00,speeding,1
E00477,T0588,2024-06-24 16:52:00,sharp_turn,4
E00478,T0589,2024-01-14 23:38:00,sharp_turn,2
E00479,T0590,2024-03-05 12:29:00,speeding,1
E00480,T0590,2024-03-05 11:58:00,speeding,1
E00481,T0594,2024-02-21 00:34:00,sharp_turn,2
E00482,T0594,2024-02-21 00:19:00,hard_brake,3
E00483,T0595,2024-02-28 04:08:00,speeding,5
E00484,T0595,2024-02-28 04:15:00,rapid_accel,2
E00485,T0595,2024-02-28 03:53:00,hard_brake,3
E00486,T0595,2024-02-28 03:31:00,hard_brake,1
E00487,T0596,2024-04-06 07:41:00,rapid_accel,1
E00488,T0597,2024-01-14 15:28:00,sharp_turn,2
E00489,T0600,2024-06-26 19:34:00,speeding,5
E00490,T0601,2024-04-27 15:03:00,hard_brake,3
E00491,T0606,2024-03-04 11:17:00,rapid_accel,4
E00492,T0606,2024-03-04 12:04:00,sharp_turn,3
E00493,T0608,2024-04-30 17:24:00,rapid_accel,5
E00494,T0608,2024-04-30 17:22:00,rapid_accel,1
E00495,T0608,2024-04-30 17:18:00,hard_brake,5
E00496,T0609,2024-05-03 00:13:00,speeding,3
E00497,T0612,2024-01-05 16:59:00,sharp_turn,2
E00498,T0613,2024-05-26 20:02:00,speeding,2
E00499,T0614,2024-07-16 05:59:00,sharp_turn,2
E00500,T0615,2024-06-09 15:58:00,sharp_turn,3
E00501,T0618,2024-06-24 04:53:00,hard_brake,3
E00502,T0620,2024-04-03 18:19:00,speeding,2
E00503,T0620,2024-04-03 17:59:00,sharp_turn,4
E00504,T0620,2024-04-03 16:08:00,sharp_turn,2
E00505,T0624,2024-06-28 08:01:00,rapid_accel,2
E00506,T0625,2024-05-09 00:42:00,hard_brake,2
E00507,T0628,2024-03-15 17:29:00,speeding,3
E00508,T0628,2024-03-15 16:05:00,hard_brake,5
E00509,T0629,2024-02-18 15:49:00,sharp_turn,4
E00510,T0631,2024-02-07 17:39:00,speeding,3
E00511,T0632,2024-06-09 01:36:00,speeding,1
E00512,T0634,2024-03-15 06:43:00,sharp_turn,3
E00513,T0635,2024-06-14 12:56:00,rapid_accel,5
E00514,T0636,2024-05-04 21:55:00,hard_brake,2
E00515,T0637,2024-04-23 16:18:00,hard_brake,3
E00516,T0637,2024-04-23 16:35:00,rapid_accel,5
E00517,T0637,2024-04-23 15:54:00,speeding,4
E00518,T0638,2024-03-07 08:58:00,rapid_accel,2
E00519,T0639,2024-07-16 01:49:00,rapid_accel,1
E00520,T0640,2024-02-12 21:29:00,hard_brake,2
E00521,T0641,2024-02-16 07:35:00,speeding,2
E00522,T0645,2024-02-07 14:41:00,hard_brake,1
E00523,T0646,2024-05-16 10:39:00,speeding,2
E00524,T0647,2024-05-07 06:57:00,hard_brake,1
E00525,T0647,2024-05-07 06:02:00,sharp_turn,5
E00526,T0649,2024-05-01 11:44:00,rapid_accel,4
E00527,T0650,2024-07-05 15:36:00,hard_brake,1
E00528,T0650,2024-07-05 15:35:00,speeding,4
E00529,T0651,2024-02-06 00:25:00,rapid_accel,4
E00530,T0653,2024-03-24 02:14:00,speeding,4
E00531,T0654,2024-05-14 08:09:00,speeding,3
E00532,T0654,2024-05-14 07:35:00,hard_brake,1
E00533,T0655,2024-05-17 15:33:00,hard_brake,4
E00534,T0655,2024-05-17 17:56:00,rapid_accel,1
E00535,T0656,2024-05-11 14:04:00,speeding,3
E00536,T0657,2024-05-10 02:18:00,rapid_accel,4
E00537,T0659,2024-03-13 12:47:00,speeding,3
E00538,T0660,2024-05-23 03:35:00,rapid_accel,1
E00539,T0660,2024-05-23 03:19:00,hard_brake,5
E00540,T0660,2024-05-23 03:10:00,speeding,1
E00541,T0663,2024-01-23 05:19:00,speeding,1
E00542,T0665,2024-01-02 16:10:00,hard_brake,2
E00543,T0665,2024-01-02 16:46:00,hard_brake,2
E00544,T0667,2024-02-17 14:17:00,rapid_accel,1
E00545,T0668,2024-03-18 21:09:00,speeding,3
E00546,T0670,2024-06-12 21:58:00,hard_brake,2
E00547,T0671,2024-04-16 06:59:00,rapid_accel,1
E00548,T0673,2024-06-02 14:43:00,sharp_turn,1
E00549,T0674,2024-03-07 21:47:00,hard_brake,5
E00550,T0678,2024-01-13 10:31:00,sharp_turn,5
E00551,T0681,2024-06-24 10:37:00,speeding,1
E00552,T0682,2024-01-25 19:17:00,sharp_turn,1
E00553,T0686,2024-06-07 01:44:00,sharp_turn,5
E00554,T0687,2024-06-28 04:49:00,rapid_accel,5
E00555,T0688,2024-02-03 02:40:00,sharp_turn,5
E00556,T0688,2024-02-03 02:05:00,rapid_accel,1
E00557,T0691,2024-02-02 23:43:00,rapid_accel,1
E00558,T0697,2024-05-30 07:01:00,rapid_accel,3
E00559,T0697,2024-05-30 07:02:00,rapid_accel,5
E00560,T0698,2024-01-24 06:08:00,rapid_accel,5
E00561,T0698,2024-01-24 05:43:00,sharp_turn,2
E00562,T0699,2024-03-31 07:16:00,hard_brake,5
E00563,T0700,2024-05-09 19:35:00,sharp_turn,4
E00564,T0704,2024-04-22 23:09:00,speeding,4
E00565,T0704,2024-04-22 23:04:00,sharp_turn,4
E00566,T0705,2024-04-07 15:12:00,rapid_accel,5
E00567,T0706,2024-01-29 10:56:00,hard_brake,3
E00568,T0707,2024-02-04 18:16:00,rapid_accel,3
E00569,T0707,2024-02-04 18:07:00,rapid_accel,4
E00570,T0707,2024-02-04 17:14:00,sharp_turn,4
E00571,T0708,2024-07-03 01:35:00,hard_brake,5
E00572,T0709,2024-03-13 16:38:00,hard_brake,3
E00573,T0709,2024-03-13 16:06:00,hard_brake,5
E00574,T0710,2024-05-21 14:46:00,hard_brake,3
E00575,T0710,2024-05-21 14:05:00,sharp_turn,3
E00576,T0712,2024-02-15 01:35:00,rapid_accel,2
E00577,T0713,2024-04-11 16:07:00,hard_brake,1
E00578,T0715,2024-07-08 05:57:00,rapid_accel,4
E00579,T0717,2024-02-01 08:09:00,hard_brake,2
E00580,T0718,2024-07-14 22:05:00,sharp_turn,5
E00581,T0718,2024-07-14 21:56:00,hard_brake,5
E00582,T0719,2024-04-01 17:43:00,sharp_turn,5
E00583,T0720,2024-05-04 18:01:00,hard_brake,1
E00584,T0720,2024-05-04 17:48:00,sharp_turn,4
E00585,T0721,2024-01-28 04:33:00,sharp_turn,5
E00586,T0722,2024-02-04 01:17:00,speeding,4
E00587,T0724,2024-06-04 00:26:00,rapid_accel,3
E00588,T0729,2024-04-25 10:45:00,rapid_accel,2
E00589,T0730,2024-01-09 06:38:00,speeding,5
E00590,T0731,2024-06-29 06:44:00,hard_brake,3
E00591,T0732,2024-04-09 16:53:00,speeding,4
E00592,T0735,2024-03-08 17:39:00,speeding,3
E00593,T0736,2024-03-31 10:41:00,sharp_turn,3
E00594,T0736,2024-03-31 10:36:00,rapid_accel,3
E00595,T0737,2024-02-02 13:51:00,hard_brake,3
E00596,T0737,2024-02-02 13:22:00,sharp_turn,1
E00597,T0740,2024-03-04 10:42:00,hard_brake,1
E00598,T0740,2024-03-04 09:01:00,hard_brake,2
E00599,T0741,2024-06-25 03:27:00,hard_brake,1
E00600,T0743,2024-05-25 19:09:00,sharp_turn,5
E00601,T0744,2024-05-30 01:48:00,hard_brake,4
E00602,T0744,2024-05-30 02:11:00,rapid_accel,4
E00603,T0745,2024-05-26 05:27:00,hard_brake,4
E00604,T0746,2024-03-27 17:00:00,rapid_accel,1
E00605,T0747,2024-02-12 21:53:00,sharp_turn,2
E00606,T0748,2024-02-21 19:12:00,hard_brake,5
E00607,T0748,2024-02-21 18:51:00,rapid_accel,5
E00608,T0751,2024-07-02 20:12:00,rapid_accel,2
E00609,T0753,2024-03-29 02:56:00,sharp_turn,2
E00610,T0754,2024-04-21 00:49:00,sharp_turn,1
E00611,T0756,2024-02-16 02:26:00,speeding,4
E00612,T0757,2024-05-27 17:12:00,sharp_turn,1
E00613,T0757,2024-05-27 17:23:00,rapid_accel,5
E00614,T0761,2024-04-21 14:15:00,sharp_turn,3
E00615,T0762,2024-06-11 07:57:00,sharp_turn,3
E00616,T0764,2024-04-13 08:21:00,hard_brake,5
E00617,T0765,2024-03-03 11:25:00,rapid_accel,3
E00618,T0775,2024-03-21 13:25:00,hard_brake,4
E00619,T0777,2024-03-11 16:19:00,speeding,1
E00620,T0779,2024-05-19 15:12:00,hard_brake,5
E00621,T0779,2024-05-19 15:25:00,sharp_turn,3
E00622,T0783,2024-03-05 19:36:00,hard_brake,1
E00623,T0786,2024-03-17 07:32:00,rapid_accel,4
E00624,T0786,2024-03-17 07:32:00,hard_brake,1
E00625,T0787,2024-07-15 22:54:00,speeding,2
E00626,T0787,2024-07-15 22:09:00,rapid_accel,4
E00627,T0789,2024-07-02 14:28:00,speeding,1
E00628,T0793,2024-04-12 07:28:00,sharp_turn,2
E00629,T0795,2024-06-24 15:00:00,speeding,3
E00630,T0795,2024-06-24 14:38:00,sharp_turn,4
E00631,T0795,2024-06-24 14:23:00,sharp_turn,1
E00632,T0797,2024-02-20 03:48:00,speeding,2
E00633,T0801,2024-04-12 21:22:00,sharp_turn,4
E00634,T0802,2024-01-23 12:33:00,sharp_turn,2
E00635,T0802,2024-01-23 12:40:00,rapid_accel,3
E00636,T0803,2024-07-02 18:01:00,rapid_accel,4
E00637,T0805,2024-02-18 09:58:00,sharp_turn,1
E00638,T0806,2024-02-03 14:53:00,rapid_accel,4
E00639,T0810,2024-01-22 02:23:00,sharp_turn,1
E00640,T0810,2024-01-22 01:14:00,speeding,5
E00641,T0813,2024-01-16 02:49:00,rapid_accel,3
E00642,T0814,2024-03-31 22:23:00,speeding,2
E00643,T0814,2024-03-31 21:09:00,hard_brake,1
E00644,T0816,2024-04-07 10:35:00,rapid_accel,3
E00645,T0817,2024-01-11 20:20:00,hard_brake,2
E00646,T0818,2024-03-27 16:01:00,sharp_turn,4
E00647,T0818,2024-03-27 16:36:00,hard_brake,4
E00648,T0818,2024-03-27 16:28:00,sharp_turn,3
E00649,T0818,2024-03-27 16:29:00,hard_brake,4
E00650,T0823,2024-07-14 06:12:00,rapid_accel,5
E00651,T0823,2024-07-14 05:56:00,rapid_accel,3
E00652,T0823,2024-07-14 05:38:00,sharp_turn,2
E00653,T0824,2024-02-18 05:17:00,rapid_accel,4
E00654,T0825,2024-04-30 09:37:00,hard_brake,5
E00655,T0826,2024-01-30 16:58:00,rapid_accel,5
E00656,T0827,2024-05-04 16:15:00,rapid_accel,1
E00657,T0832,2024-07-15 17:33:00,speeding,1
E00658,T0832,2024-07-15 18:10:00,rapid_accel,2
E00659,T0832,2024-07-15 18:49:00,hard_brake,5
E00660,T0834,2024-04-05 20:21:00,hard_brake,1
E00661,T0835,2024-01-08 03:34:00,speeding,5
E00662,T0837,2024-01-12 23:41:00,rapid_accel,2
E00663,T0839,2024-03-13 11:11:00,speeding,4
E00664,T0841,2024-03-02 13:37:00,speeding,1
E00665,T0842,2024-02-11 13:53:00,hard_brake,3
E00666,T0842,2024-02-11 14:01:00,sharp_turn,3
E00667,T0844,2024-06-03 05:59:00,speeding,2
E00668,T0846,2024-03-09 20:34:00,hard_brake,2
E00669,T0847,2024-04-04 20:59:00,hard_brake,1
E00670,T0850,2024-05-06 19:21:00,rapid_accel,3
E00671,T0851,2024-03-15 16:58:00,sharp_turn,5
E00672,T0851,2024-03-15 16:10:00,speeding,2
E00673,T0852,2024-02-08 05:25:00,speeding,3
E00674,T0855,2024-04-15 03:55:00,sharp_turn,1
E00675,T0856,2024-03-05 12:19:00,hard_brake,5
E00676,T0858,2024-04-10 01:56:00,rapid_accel,3
E00677,T0862,2024-06-21 04:23:00,sharp_turn,5
E00678,T0862,2024-06-21 04:44:00,sharp_turn,2
E00679,T0862,2024-06-21 05:00:00,sharp_turn,2
E00680,T0864,2024-06-26 16:18:00,speeding,1
E00681,T0865,2024-05-04 10:47:00,rapid_accel,5
E00682,T0866,2024-06-25 23:29:00,hard_brake,5
E00683,T0867,2024-01-23 04:28:00,rapid_accel,4
E00684,T0867,2024-01-23 04:22:00,hard_brake,5
E00685,T0869,2024-06-15 09:34:00,sharp_turn,3
E00686,T0871,2024-05-01 14:31:00,rapid_accel,5
E00687,T0871,2024-05-01 14:26:00,hard_brake,2
E00688,T0871,2024-05-01 14:27:00,speeding,5
E00689,T0872,2024-07-09 01:29:00,sharp_turn,5
E00690,T0873,2024-01-06 16:48:00,sharp_turn,4
E00691,T0873,2024-01-06 15:50:00,speeding,1
E00692,T0875,2024-06-10 15:45:00,speeding,5
E00693,T0876,2024-06-01 19:59:00,hard_brake,2
E00694,T0878,2024-02-29 03:14:00,rapid_accel,3
E00695,T0881,2024-04-24 23:53:00,hard_brake,2
E00696,T0881,2024-04-25 01:22:00,speeding,4
E00697,T0882,2024-07-04 08:00:00,hard_brake,2
E00698,T0882,2024-07-04 07:29:00,speeding,5
E00699,T0885,2024-06-21 23:05:00,speeding,5
E00700,T0885,2024-06-21 22:50:00,rapid_accel,2
E00701,T0888,2024-06-04 16:47:00,rapid_accel,5
E00702,T0888,2024-06-04 16:53:00,hard_brake,5
E00703,T0890,2024-04-01 09:52:00,sharp_turn,3
E00704,T0894,2024-03-09 06:05:00,sharp_turn,3
E00705,T0894,2024-03-09 05:39:00,rapid_accel,2
E00706,T0895,2024-06-29 01:48:00,rapid_accel,3
E00707,T0896,2024-07-19 21:00:00,rapid_accel,3
E00708,T0896,2024-07-19 21:24:00,sharp_turn,1
E00709,T0897,2024-05-23 02:28:00,rapid_accel,5
E00710,T0897,2024-05-23 01:54:00,hard_brake,3
E00711,T0898,2024-04-02 06:38:00,sharp_turn,3
E00712,T0898,2024-04-02 05:31:00,sharp_turn,2
