trip_id,driver_id,vehicle_id,start_time,end_time,distance_km,harsh_event_count,is_night_trip
T0001,D029,V085,2024-03-31 07:37:00,2024-03-31 09:00:00,61.1,0,0
T0002,D043,V086,2024-04-05 08:53:00,2024-04-05 11:27:00,97.8,2,0
T0003,D016,V061,2024-01-14 21:39:00,2024-01-15 00:13:00,133.1,0,0
T0004,D080,V058,2024-01-19 16:07:00,2024-01-19 17:01:00,43.2,0,0
T0005,D049,V039,2024-05-15 10:11:00,2024-05-15 12:01:00,48.8,0,0
T0006,D020,V075,2024-02-05 06:50:00,2024-02-05 08:22:00,66.9,1,0
T0007,D073,V083,2024-04-27 04:53:00,2024-04-27 06:18:00,92.6,2,1
T0008,D024,V043,2024-07-18 02:45:00,2024-07-18 04:54:00,85.9,2,1
T0009,D023,V031,2024-03-21 21:39:00,2024-03-21 21:58:00,7.7,0,0
T0010,D036,V099,2024-02-23 05:45:00,2024-02-23 08:17:00,153.8,1,0
T0011,D063,V059,2024-07-14 03:00:00,2024-07-14 03:38:00,33.9,0,1
T0012,D055,V098,2024-04-13 14:38:00,2024-04-13 16:45:00,89.7,1,0
T0013,D005,V060,2024-05-16 06:48:00,2024-05-16 08:28:00,116.0,1,0
T0014,D042,V078,2024-07-12 18:07:00,2024-07-12 19:00:00,22.0,1,0
T0015,D001,V057,2024-06-09 08:29:00,2024-06-09 09:31:00,59.2,0,0
T0016,D045,V055,2024-03-20 04:24:00,2024-03-20 04:55:00,21.9,1,1
T0017,D076,V040,2024-02-12 02:13:00,2024-02-12 02:29:00,10.2,0,1
T0018,D038,V011,2024-04-26 17:45:00,2024-04-26 20:22:00,128.6,2,0
T0019,D056,V007,2024-06-24 04:34:00,2024-06-24 06:06:00,110.1,0,1
T0020,D063,V059,2024-04-01 06:25:00,2024-04-01 07:12:00,54.4,0,0
T0021,D052,V020,2024-01-05 07:47:00,2024-01-05 08:49:00,60.9,0,0
T0022,D017,V028,2024-07-06 00:44:00,2024-07-06 03:19:00,124.6,0,1
T0023,D016,V047,2024-07-01 22:12:00,2024-07-01 22:26:00,9.8,1,1
T0024,D033,V099,2024-05-16 21:16:00,2024-05-16 21:33:00,14.9,1,0
T0025,D007,V085,2024-01-28 22:18:00,2024-01-28 22:28:00,4.4,1,1
T0026,D015,V054,2024-04-23 12:58:00,2024-04-23 13:34:00,30.2,1,0
T0027,D061,V008,2024-06-28 05:13:00,2024-06-28 06:10:00,54.5,0,0
T0028,D002,V030,2024-03-18 14:21:00,2024-03-18 17:15:00,83.7,1,0
T0029,D067,V074,2024-03-10 21:15:00,2024-03-10 23:55:00,153.7,0,0
T0030,D054,V095,2024-01-27 17:27:00,2024-01-27 20:10:00,80.6,2,0
T0031,D015,V014,2024-05-07 06:46:00,2024-05-07 09:26:00,89.6,1,0
T0032,D034,V067,2024-02-21 12:13:00,2024-02-21 14:02:00,69.4,3,0
T0033,D006,V076,2024-05-20 16:56:00,2024-05-20 17:54:00,55.1,2,0
T0034,D062,V043,2024-03-01 00:05:00,2024-03-01 00:13:00,7.5,0,1
T0035,D015,V074,2024-06-20 16:51:00,2024-06-20 17:34:00,49.9,0,0
T0036,D066,V021,2024-01-20 03:27:00,2024-01-20 04:37:00,64.1,0,1
T0037,D059,V065,2024-03-16 09:00:00,2024-03-16 11:03:00,54.1,2,0
T0038,D023,V026,2024-01-11 09:55:00,2024-01-11 11:32:00,101.0,0,0
T0039,D041,V077,2024-04-19 03:57:00,2024-04-19 04:26:00,31.3,2,1
T0040,D006,V076,2024-01-03 04:43:00,2024-01-03 07:37:00,159.7,0,1
T0041,D043,V086,2024-04-01 14:56:00,2024-04-01 17:40:00,100.8,0,0
T0042,D012,V001,2024-04-05 11:41:00,2024-04-05 12:32:00,25.0,0,0
T0043,D052,V023,2024-04-26 09:16:00,2024-04-26 10:59:00,98.0,1,0
T0044,D062,V054,2024-06-15 05:41:00,2024-06-15 06:14:00,16.7,0,0
T0045,D008,V032,2024-02-10 03:32:00,2024-02-10 05:23:00,125.3,0,1
T0046,D062,V073,2024-06-22 14:57:00,2024-06-22 15:48:00,45.3,1,0
T0047,D046,V054,2024-06-05 00:59:00,2024-06-05 03:59:00,198.7,1,1
T0048,D017,V062,2024-05-04 03:51:00,2024-05-04 05:41:00,82.8,1,1
T0049,D009,V064,2024-03-07 22:21:00,2024-03-07 23:46:00,34.8,3,1
T0050,D068,V036,2024-07-15 19:40:00,2024-07-15 22:09:00,86.3,1,0
T0051,D044,V012,2024-05-12 17:51:00,2024-05-12 20:34:00,77.6,0,0
T0052,D032,V002,2024-05-03 11:48:00,2024-05-03 14:42:00,163.7,1,0
T0053,D050,V020,2024-05-22 20:55:00,2024-05-22 21:13:00,7.4,2,0
T0054,D021,V005,2024-05-09 16:01:00,2024-05-09 18:12:00,143.5,0,0
T0055,D010,V097,2024-05-05 10:56:00,2024-05-05 12:02:00,43.9,1,0
T0056,D036,V068,2024-01-13 17:18:00,2024-01-13 18:20:00,52.1,1,0
T0057,D049,V039,2024-04-13 08:01:00,2024-04-13 08:26:00,19.2,2,0
T0058,D074,V019,2024-04-24 03:00:00,2024-04-24 05:12:00,100.0,1,1
T0059,D016,V064,2024-07-09 22:18:00,2024-07-09 22:27:00,4.3,1,1
T0060,D053,V087,2024-01-10 19:01:00,2024-01-10 21:26:00,58.0,0,0
T0061,D012,V001,2024-06-03 21:07:00,2024-06-03 23:55:00,108.1,0,0
T0062,D066,V009,2024-05-23 07:03:00,2024-05-23 09:55:00,161.2,0,0
T0063,D044,V056,2024-04-03 01:51:00,2024-04-03 02:53:00,66.7,0,1
T0064,D043,V086,2024-05-23 21:09:00,2024-05-23 23:47:00,123.0,1,0
T0065,D047,V014,2024-07-02 15:26:00,2024-07-02 16:00:00,16.3,0,0
T0066,D029,V085,2024-01-01 11:39:00,2024-01-01 13:14:00,101.1,0,0
T0067,D038,V011,2024-05-20 17:49:00,2024-05-20 19:29:00,96.2,0,0
T0068,D006,V076,2024-02-12 16:48:00,2024-02-12 17:28:00,42.3,0,0
T0069,D053,V087,2024-01-28 08:40:00,2024-01-28 11:21:00,89.6,1,0
T0070,D016,V051,2024-02-25 15:36:00,2024-02-25 16:29:00,51.6,0,0
T0071,D014,V049,2024-07-12 14:08:00,2024-07-12 14:24:00,18.3,0,0
T0072,D076,V016,2024-07-16 15:22:00,2024-07-16 17:24:00,113.1,0,0
T0073,D065,V018,2024-05-07 00:08:00,2024-05-07 02:28:00,138.5,2,1
T0074,D071,V042,2024-04-20 19:58:00,2024-04-20 22:06:00,145.9,1,0
T0075,D023,V026,2024-06-26 19:44:00,2024-06-26 20:33:00,48.2,1,0
T0076,D017,V014,2024-04-09 22:26:00,2024-04-10 01:04:00,139.8,0,1
T0077,D042,V078,2024-05-09 13:07:00,2024-05-09 14:59:00,132.6,1,0
T0078,D032,V073,2024-03-11 13:34:00,2024-03-11 15:06:00,108.2,0,0
T0079,D058,V013,2024-02-04 04:42:00,2024-02-04 06:32:00,97.0,1,1
T0080,D066,V021,2024-03-17 23:56:00,2024-03-18 02:21:00,157.8,1,1
T0081,D071,V042,2024-06-10 07:25:00,2024-06-10 08:21:00,31.8,1,0
T0082,D038,V011,2024-06-24 11:47:00,2024-06-24 14:44:00,89.6,1,0
T0083,D023,V031,2024-05-08 18:31:00,2024-05-08 21:19:00,110.5,2,0
T0084,D015,V098,2024-03-31 19:11:00,2024-03-31 21:18:00,110.0,1,0
T0085,D054,V095,2024-06-21 18:13:00,2024-06-21 19:31:00,86.0,1,0
T0086,D055,V098,2024-01-04 17:50:00,2024-01-04 18:22:00,13.4,0,0
T0087,D019,V067,2024-01-14 22:52:00,2024-01-14 23:11:00,10.6,2,1
T0088,D021,V005,2024-03-14 23:19:00,2024-03-15 00:28:00,35.7,0,1
T0089,D008,V032,2024-06-25 10:04:00,2024-06-25 11:01:00,57.2,1,0
T0090,D005,V061,2024-04-01 15:26:00,2024-04-01 15:57:00,27.7,1,0
T0091,D072,V028,2024-02-27 22:05:00,2024-02-28 00:33:00,105.2,0,1
T0092,D066,V021,2024-07-19 23:45:00,2024-07-20 01:03:00,74.4,0,1
T0093,D007,V049,2024-04-09 14:13:00,2024-04-09 17:13:00,117.0,1,0
T0094,D071,V042,2024-01-14 00:26:00,2024-01-14 01:35:00,38.8,0,1
T0095,D057,V029,2024-06-11 22:06:00,2024-06-11 23:45:00,99.4,0,1
T0096,D070,V081,2024-07-08 20:35:00,2024-07-08 21:30:00,56.2,2,0
T0097,D025,V038,2024-04-24 06:03:00,2024-04-24 09:02:00,82.3,4,0
T0098,D023,V031,2024-07-07 17:32:00,2024-07-07 18:07:00,24.6,0,0
T0099,D055,V098,2024-03-12 18:59:00,2024-03-12 20:11:00,36.3,4,0
T0100,D075,V034,2024-03-06 00:11:00,2024-03-06 01:40:00,68.8,0,1
T0101,D020,V075,2024-01-11 05:14:00,2024-01-11 06:41:00,76.3,2,0
T0102,D079,V085,2024-03-18 16:44:00,2024-03-18 19:15:00,126.9,0,0
T0103,D010,V091,2024-03-22 17:56:00,2024-03-22 18:57:00,71.1,2,0
T0104,D067,V074,2024-01-18 17:14:00,2024-01-18 17:59:00,33.0,0,0
T0105,D069,V033,2024-04-13 03:08:00,2024-04-13 04:42:00,54.2,1,1
T0106,D028,V015,2024-06-18 11:19:00,2024-06-18 12:48:00,61.3,1,0
T0107,D028,V015,2024-07-11 21:06:00,2024-07-11 23:26:00,109.2,0,0
T0108,D072,V028,2024-07-11 22:09:00,2024-07-11 22:16:00,3.4,1,1
T0109,D045,V027,2024-04-24 08:12:00,2024-04-24 11:01:00,150.6,2,0
T0110,D080,V058,2024-03-03 01:21:00,2024-03-03 04:20:00,198.4,1,1
T0111,D049,V090,2024-01-30 13:10:00,2024-01-30 14:20:00,58.3,0,0
T0112,D037,V029,2024-01-07 17:38:00,2024-01-07 19:18:00,81.1,1,0
T0113,D066,V009,2024-04-24 16:36:00,2024-04-24 16:52:00,10.2,1,0
T0114,D025,V042,2024-05-11 02:48:00,2024-05-11 03:17:00,15.5,0,1
T0115,D069,V033,2024-05-16 00:15:00,2024-05-16 03:00:00,74.6,1,1
T0116,D028,V015,2024-06-24 14:28:00,2024-06-24 14:59:00,17.5,1,0
T0117,D056,V007,2024-06-14 02:27:00,2024-06-14 05:27:00,94.1,1,1
T0118,D059,V065,2024-07-02 11:19:00,2024-07-02 11:33:00,6.6,1,0
T0119,D007,V023,2024-03-05 19:02:00,2024-03-05 19:25:00,19.8,2,0
T0120,D030,V034,2024-04-14 13:14:00,2024-04-14 15:14:00,108.5,3,0
T0121,D056,V007,2024-03-21 00:34:00,2024-03-21 02:18:00,97.6,1,1
T0122,D069,V033,2024-01-02 21:53:00,2024-01-03 00:36:00,73.4,1,0
T0123,D075,V034,2024-01-12 23:55:00,2024-01-13 00:18:00,15.8,0,1
T0124,D065,V014,2024-03-15 23:24:00,2024-03-16 00:46:00,72.6,0,1
T0125,D037,V070,2024-07-14 14:56:00,2024-07-14 16:38:00,73.0,0,0
T0126,D004,V097,2024-05-01 05:20:00,2024-05-01 07:41:00,81.2,0,0
T0127,D051,V063,2024-05-19 10:04:00,2024-05-19 12:51:00,86.0,1,0
T0128,D048,V045,2024-01-03 18:53:00,2024-01-03 21:20:00,75.4,0,0
T0129,D006,V076,2024-01-02 19:32:00,2024-01-02 22:09:00,112.3,2,0
T0130,D071,V042,2024-01-22 10:24:00,2024-01-22 11:22:00,57.9,2,0
T0131,D045,V055,2024-02-24 14:05:00,2024-02-24 16:55:00,183.8,0,0
T0132,D019,V067,2024-02-11 06:16:00,2024-02-11 07:17:00,54.5,1,0
T0133,D033,V025,2024-01-30 06:11:00,2024-01-30 09:07:00,183.0,0,0
T0134,D007,V097,2024-05-20 15:44:00,2024-05-20 18:34:00,142.8,0,0
T0135,D038,V011,2024-06-20 02:17:00,2024-06-20 03:26:00,33.0,0,1
T0136,D075,V034,2024-05-04 11:17:00,2024-05-04 12:53:00,48.2,1,0
T0137,D031,V071,2024-01-26 09:43:00,2024-01-26 12:26:00,74.3,1,0
T0138,D025,V041,2024-05-04 15:22:00,2024-05-04 16:51:00,79.5,2,0
T0139,D040,V089,2024-05-29 05:12:00,2024-05-29 07:41:00,127.2,1,0
T0140,D041,V017,2024-04-19 05:45:00,2024-04-19 05:51:00,3.9,1,0
T0141,D029,V085,2024-07-01 21:52:00,2024-07-01 23:48:00,72.1,1,0
T0142,D047,V004,2024-02-04 23:11:00,2024-02-05 00:40:00,98.1,0,1
T0143,D060,V006,2024-04-24 12:14:00,2024-04-24 13:37:00,65.5,1,0
T0144,D014,V049,2024-02-14 22:02:00,2024-02-15 00:42:00,74.5,0,1
T0145,D036,V068,2024-02-05 18:23:00,2024-02-05 19:18:00,33.6,0,0
T0146,D010,V094,2024-01-20 00:38:00,2024-01-20 02:52:00,121.3,1,1
T0147,D075,V034,2024-05-28 13:49:00,2024-05-28 16:25:00,89.0,1,0
T0148,D005,V060,2024-05-21 08:53:00,2024-05-21 11:17:00,160.6,1,0
T0149,D070,V081,2024-04-30 22:19:00,2024-04-30 23:02:00,29.8,0,1
T0150,D029,V085,2024-07-16 20:07:00,2024-07-16 21:26:00,40.1,1,0
T0151,D065,V066,2024-01-24 13:32:00,2024-01-24 15:10:00,78.6,3,0
T0152,D031,V041,2024-06-06 23:21:00,2024-06-07 00:08:00,47.3,0,1
T0153,D018,V058,2024-02-10 06:06:00,2024-02-10 08:35:00,172.7,0,0
T0154,D019,V067,2024-07-07 16:30:00,2024-07-07 18:06:00,41.5,0,0
T0155,D063,V059,2024-02-29 02:08:00,2024-02-29 03:20:00,50.1,1,1
T0156,D006,V076,2024-06-20 07:03:00,2024-06-20 09:20:00,154.3,0,0
T0157,D047,V022,2024-04-09 16:01:00,2024-04-09 18:02:00,133.7,1,0
T0158,D006,V076,2024-06-15 11:03:00,2024-06-15 11:34:00,29.9,0,0
T0159,D067,V074,2024-06-11 09:20:00,2024-06-11 10:32:00,62.1,0,0
T0160,D073,V083,2024-02-14 12:51:00,2024-02-14 15:43:00,120.9,0,0
T0161,D076,V084,2024-01-20 17:38:00,2024-01-20 18:47:00,48.4,0,0
T0162,D029,V085,2024-05-12 13:51:00,2024-05-12 15:26:00,100.1,0,0
T0163,D045,V055,2024-05-04 16:27:00,2024-05-04 19:06:00,64.4,0,0
T0164,D018,V057,2024-02-12 07:51:00,2024-02-12 08:15:00,19.5,2,0
T0165,D036,V068,2024-02-24 05:07:00,2024-02-24 05:59:00,27.3,1,0
T0166,D078,V092,2024-01-31 22:33:00,2024-01-31 23:36:00,46.1,1,1
T0167,D043,V086,2024-07-03 03:52:00,2024-07-03 06:00:00,120.3,0,1
T0168,D062,V027,2024-05-31 05:30:00,2024-05-31 08:20:00,181.3,0,0
T0169,D003,V024,2024-03-03 01:28:00,2024-03-03 02:05:00,31.8,0,1
T0170,D021,V005,2024-02-04 21:29:00,2024-02-04 23:45:00,58.7,2,0
T0171,D074,V019,2024-02-07 01:54:00,2024-02-07 02:41:00,28.5,1,1
T0172,D024,V043,2024-05-12 13:50:00,2024-05-12 16:28:00,185.7,0,0
T0173,D003,V084,2024-07-03 22:35:00,2024-07-03 23:52:00,89.2,0,1
T0174,D028,V015,2024-04-24 20:42:00,2024-04-24 22:47:00,136.7,2,0
T0175,D022,V029,2024-04-15 20:30:00,2024-04-15 21:11:00,42.5,0,0
T0176,D024,V043,2024-06-08 22:30:00,2024-06-09 00:45:00,82.6,2,1
T0177,D044,V100,2024-04-26 20:21:00,2024-04-26 22:57:00,71.0,0,0
T0178,D049,V039,2024-04-08 04:30:00,2024-04-08 05:02:00,13.2,1,1
T0179,D067,V074,2024-05-09 23:21:00,2024-05-10 01:13:00,118.9,1,1
T0180,D078,V013,2024-02-15 16:14:00,2024-02-15 18:56:00,142.5,2,0
T0181,D069,V033,2024-05-08 04:00:00,2024-05-08 04:28:00,22.0,2,1
T0182,D017,V078,2024-05-18 00:02:00,2024-05-18 03:00:00,163.7,0,1
T0183,D067,V074,2024-04-17 12:38:00,2024-04-17 12:54:00,15.3,0,0
T0184,D055,V098,2024-02-28 16:27:00,2024-02-28 18:09:00,69.4,0,0
T0185,D074,V019,2024-01-26 14:31:00,2024-01-26 15:10:00,23.5,1,0
T0186,D030,V011,2024-03-13 20:25:00,2024-03-13 22:49:00,104.7,0,0
T0187,D025,V001,2024-06-30 00:14:00,2024-06-30 02:46:00,124.3,1,1
T0188,D067,V074,2024-01-02 12:48:00,2024-01-02 15:40:00,97.1,1,0
T0189,D041,V017,2024-04-14 12:21:00,2024-04-14 12:53:00,16.8,1,0
T0190,D075,V034,2024-03-05 08:55:00,2024-03-05 11:17:00,104.9,1,0
T0191,D047,V014,2024-06-05 09:24:00,2024-06-05 12:23:00,128.5,0,0
T0192,D027,V037,2024-04-15 18:50:00,2024-04-15 21:17:00,115.5,0,0
T0193,D048,V045,2024-05-23 18:56:00,2024-05-23 21:04:00,77.2,3,0
T0194,D040,V074,2024-03-29 13:35:00,2024-03-29 14:15:00,43.4,0,0
T0195,D016,V096,2024-02-28 15:14:00,2024-02-28 16:00:00,22.1,1,0
T0196,D066,V009,2024-04-12 11:33:00,2024-04-12 13:58:00,129.2,1,0
T0197,D007,V021,2024-04-09 21:42:00,2024-04-09 21:48:00,6.3,2,0
T0198,D019,V067,2024-04-30 20:29:00,2024-04-30 22:25:00,54.6,0,0
T0199,D034,V029,2024-04-04 02:43:00,2024-04-04 05:23:00,68.8,1,1
T0200,D050,V052,2024-06-06 22:23:00,2024-06-07 00:41:00,86.8,0,1
T0201,D077,V062,2024-01-15 05:58:00,2024-01-15 08:46:00,133.6,0,0
T0202,D002,V030,2024-02-21 22:25:00,2024-02-22 00:42:00,86.1,0,1
T0203,D005,V060,2024-07-19 20:27:00,2024-07-19 22:42:00,109.7,0,0
T0204,D030,V079,2024-02-13 23:00:00,2024-02-13 23:14:00,9.6,1,1
T0205,D001,V057,2024-02-10 02:57:00,2024-02-10 04:12:00,76.8,0,1
T0206,D046,V054,2024-06-20 13:29:00,2024-06-20 15:17:00,93.8,3,0
T0207,D067,V074,2024-01-04 02:20:00,2024-01-04 02:48:00,23.5,0,1
T0208,D072,V028,2024-05-29 11:52:00,2024-05-29 13:25:00,108.9,0,0
T0209,D036,V099,2024-02-27 20:41:00,2024-02-27 21:35:00,41.2,1,0
T0210,D052,V023,2024-05-27 00:09:00,2024-05-27 01:20:00,38.3,2,1
T0211,D065,V014,2024-05-23 02:28:00,2024-05-23 04:41:00,84.5,1,1
T0212,D015,V066,2024-03-06 18:21:00,2024-03-06 20:53:00,91.2,1,0
T0213,D057,V049,2024-05-24 16:30:00,2024-05-24 17:37:00,67.4,1,0
T0214,D059,V065,2024-06-23 15:43:00,2024-06-23 18:18:00,168.9,0,0
T0215,D062,V015,2024-03-07 02:18:00,2024-03-07 04:00:00,92.5,0,1
T0216,D029,V085,2024-06-22 23:56:00,2024-06-23 00:59:00,65.5,2,1
T0217,D053,V087,2024-03-31 17:37:00,2024-03-31 19:59:00,57.9,0,0
T0218,D034,V032,2024-03-14 03:10:00,2024-03-14 04:57:00,100.5,1,1
T0219,D044,V012,2024-01-20 18:55:00,2024-01-20 19:45:00,39.1,0,0
T0220,D046,V054,2024-02-25 19:34:00,2024-02-25 20:47:00,39.9,1,0
T0221,D025,V064,2024-07-07 06:48:00,2024-07-07 07:53:00,64.2,2,0
T0222,D034,V027,2024-02-28 06:55:00,2024-02-28 08:03:00,72.7,0,0
T0223,D046,V054,2024-02-09 03:38:00,2024-02-09 04:13:00,39.8,2,1
T0224,D064,V069,2024-06-06 00:13:00,2024-06-06 02:36:00,166.8,0,1
T0225,D062,V048,2024-06-07 10:45:00,2024-06-07 12:56:00,146.5,1,0
T0226,D074,V019,2024-03-11 16:45:00,2024-03-11 17:36:00,60.6,1,0
T0227,D066,V021,2024-03-12 13:34:00,2024-03-12 14:35:00,61.0,0,0
T0228,D017,V007,2024-05-14 14:26:00,2024-05-14 16:33:00,146.3,0,0
T0229,D005,V060,2024-05-08 11:51:00,2024-05-08 13:36:00,114.3,0,0
T0230,D023,V026,2024-04-27 04:06:00,2024-04-27 06:23:00,105.2,3,1
T0231,D002,V030,2024-01-04 23:00:00,2024-01-04 23:58:00,40.8,0,1
T0232,D013,V082,2024-03-24 12:20:00,2024-03-24 15:01:00,175.4,0,0
T0233,D024,V043,2024-05-20 08:58:00,2024-05-20 10:03:00,40.0,0,0
T0234,D079,V044,2024-04-03 06:16:00,2024-04-03 08:28:00,97.6,1,0
T0235,D054,V095,2024-06-28 12:42:00,2024-06-28 14:20:00,106.2,1,0
T0236,D036,V068,2024-04-25 06:08:00,2024-04-25 08:39:00,76.2,1,0
T0237,D074,V091,2024-06-24 07:48:00,2024-06-24 08:18:00,29.3,1,0
T0238,D031,V071,2024-05-22 14:45:00,2024-05-22 16:27:00,56.8,1,0
T0239,D020,V089,2024-05-01 00:19:00,2024-05-01 01:09:00,36.9,1,1
T0240,D018,V081,2024-05-12 18:13:00,2024-05-12 19:38:00,87.4,1,0
T0241,D039,V053,2024-03-05 19:11:00,2024-03-05 21:41:00,65.7,1,0
T0242,D013,V066,2024-06-25 05:34:00,2024-06-25 05:54:00,11.4,1,0
T0243,D033,V061,2024-06-10 03:17:00,2024-06-10 05:17:00,119.5,0,1
T0244,D034,V047,2024-04-02 19:07:00,2024-04-02 21:34:00,168.4,0,0
T0245,D033,V045,2024-01-06 14:03:00,2024-01-06 14:39:00,24.5,0,0
T0246,D078,V026,2024-05-27 19:39:00,2024-05-27 22:30:00,157.2,0,0
T0247,D023,V026,2024-07-18 09:42:00,2024-07-18 11:17:00,62.7,1,0
T0248,D066,V009,2024-05-04 15:15:00,2024-05-04 15:40:00,17.6,0,0
T0249,D037,V070,2024-04-28 21:33:00,2024-04-28 22:15:00,46.0,3,0
T0250,D044,V088,2024-04-17 21:32:00,2024-04-18 00:13:00,138.0,1,0
T0251,D010,V011,2024-02-11 11:43:00,2024-02-11 12:46:00,41.0,0,0
T0252,D038,V011,2024-06-30 09:07:00,2024-06-30 11:46:00,145.6,0,0
T0253,D035,V040,2024-04-23 12:23:00,2024-04-23 14:58:00,126.6,1,0
T0254,D058,V013,2024-04-15 05:42:00,2024-04-15 06:34:00,56.3,2,0
T0255,D017,V094,2024-03-01 22:35:00,2024-03-01 23:44:00,79.5,2,1
T0256,D011,V003,2024-02-23 05:41:00,2024-02-23 07:27:00,51.1,0,0
T0257,D009,V064,2024-05-01 18:43:00,2024-05-01 19:01:00,7.6,2,0
T0258,D051,V094,2024-05-14 02:50:00,2024-05-14 03:21:00,18.9,1,1
T0259,D020,V089,2024-01-22 22:21:00,2024-01-23 00:05:00,67.3,2,1
T0260,D032,V025,2024-07-07 09:41:00,2024-07-07 11:39:00,106.3,0,0
T0261,D017,V068,2024-02-13 00:58:00,2024-02-13 01:11:00,12.1,0,1
T0262,D042,V078,2024-05-01 15:56:00,2024-05-01 18:19:00,164.1,1,0
T0263,D071,V042,2024-04-23 04:36:00,2024-04-23 06:59:00,77.5,2,1
T0264,D077,V062,2024-04-26 21:32:00,2024-04-27 00:19:00,184.0,2,0
T0265,D056,V007,2024-05-14 21:50:00,2024-05-15 00:38:00,138.9,0,0
T0266,D045,V055,2024-05-03 18:25:00,2024-05-03 19:28:00,65.8,0,0
T0267,D057,V040,2024-04-03 14:04:00,2024-04-03 15:15:00,37.2,2,0
T0268,D002,V030,2024-01-01 17:51:00,2024-01-01 18:30:00,26.3,1,0
T0269,D061,V008,2024-05-16 00:17:00,2024-05-16 02:27:00,150.5,0,1
T0270,D062,V039,2024-01-03 14:41:00,2024-01-03 16:00:00,69.3,0,0
T0271,D001,V057,2024-05-20 12:45:00,2024-05-20 13:38:00,38.7,1,0
T0272,D072,V028,2024-04-21 13:28:00,2024-04-21 14:36:00,36.1,1,0
T0273,D050,V049,2024-02-26 08:58:00,2024-02-26 09:23:00,18.4,2,0
T0274,D031,V071,2024-05-12 20:55:00,2024-05-12 23:55:00,111.1,0,0
T0275,D069,V033,2024-03-09 14:05:00,2024-03-09 14:58:00,57.4,0,0
T0276,D024,V043,2024-02-04 09:53:00,2024-02-04 10:26:00,30.0,0,0
T0277,D080,V058,2024-04-25 09:17:00,2024-04-25 12:01:00,130.1,2,0
T0278,D042,V078,2024-01-05 05:11:00,2024-01-05 05:28:00,20.0,3,0
T0279,D003,V044,2024-02-17 03:29:00,2024-02-17 04:46:00,47.4,0,1
T0280,D057,V094,2024-01-03 07:56:00,2024-01-03 08:24:00,14.6,1,0
T0281,D064,V069,2024-02-25 11:40:00,2024-02-25 13:32:00,72.7,1,0
T0282,D064,V069,2024-04-05 15:49:00,2024-04-05 16:02:00,8.6,3,0
T0283,D019,V067,2024-01-15 09:05:00,2024-01-15 10:50:00,48.0,2,0
T0284,D061,V008,2024-02-16 06:33:00,2024-02-16 07:42:00,72.7,0,0
T0285,D002,V030,2024-02-01 08:29:00,2024-02-01 10:12:00,104.7,1,0
T0286,D057,V032,2024-07-07 01:08:00,2024-07-07 02:03:00,42.3,0,1
T0287,D013,V082,2024-05-13 22:43:00,2024-05-13 23:41:00,45.1,0,1
T0288,D040,V042,2024-02-10 21:28:00,2024-02-10 21:43:00,14.9,0,0
T0289,D071,V042,2024-05-13 04:10:00,2024-05-13 05:19:00,54.2,0,1
T0290,D039,V038,2024-02-20 12:18:00,2024-02-20 12:36:00,19.6,0,0
T0291,D028,V015,2024-01-29 08:03:00,2024-01-29 10:50:00,124.8,0,0
T0292,D002,V030,2024-02-12 09:25:00,2024-02-12 11:59:00,76.3,1,0
T0293,D032,V025,2024-01-03 01:26:00,2024-01-03 03:59:00,157.1,2,1
T0294,D061,V035,2024-06-25 20:21:00,2024-06-25 21:05:00,30.7,0,0
T0295,D012,V001,2024-03-04 05:22:00,2024-03-04 07:34:00,62.5,0,0
T0296,D080,V058,2024-03-27 21:20:00,2024-03-27 21:40:00,9.0,0,0
T0297,D020,V075,2024-06-28 18:18:00,2024-06-28 18:50:00,16.0,0,0
T0298,D030,V041,2024-05-22 22:00:00,2024-05-22 23:33:00,97.1,0,1
T0299,D057,V094,2024-02-19 00:43:00,2024-02-19 02:24:00,69.3,0,1
T0300,D018,V033,2024-01-11 16:33:00,2024-01-11 18:30:00,99.1,1,0
T0301,D070,V081,2024-06-27 16:43:00,2024-06-27 17:36:00,45.2,0,0
T0302,D070,V081,2024-03-30 11:02:00,2024-03-30 13:06:00,76.9,1,0
T0303,D077,V062,2024-05-21 05:28:00,2024-05-21 05:50:00,18.1,0,0
T0304,D058,V013,2024-03-16 08:59:00,2024-03-16 11:22:00,99.2,2,0
T0305,D001,V057,2024-07-17 21:46:00,2024-07-18 00:00:00,94.2,2,0
T0306,D024,V043,2024-01-05 21:09:00,2024-01-05 22:47:00,100.0,0,0
T0307,D031,V071,2024-03-23 02:09:00,2024-03-23 05:02:00,203.1,0,1
T0308,D050,V025,2024-05-14 23:19:00,2024-05-15 01:31:00,133.7,2,1
T0309,D020,V075,2024-06-05 09:39:00,2024-06-05 11:06:00,63.3,1,0
T0310,D042,V078,2024-01-29 03:17:00,2024-01-29 05:35:00,127.9,0,1
T0311,D006,V076,2024-02-03 06:05:00,2024-02-03 06:18:00,7.3,1,0
T0312,D063,V059,2024-02-19 03:22:00,2024-02-19 03:35:00,11.1,0,1
T0313,D050,V085,2024-05-05 17:56:00,2024-05-05 20:40:00,157.6,0,0
T0314,D033,V007,2024-04-03 07:32:00,2024-04-03 10:12:00,155.9,2,0
T0315,D002,V030,2024-02-23 22:22:00,2024-02-24 00:32:00,148.6,1,1
T0316,D011,V003,2024-04-29 21:48:00,2024-04-29 22:08:00,13.8,0,0
T0317,D054,V095,2024-04-04 01:59:00,2024-04-04 04:41:00,99.2,0,1
T0318,D006,V076,2024-07-06 02:24:00,2024-07-06 03:46:00,37.9,0,1
T0319,D028,V015,2024-05-12 03:18:00,2024-05-12 03:48:00,29.4,1,1
T0320,D069,V033,2024-04-08 06:28:00,2024-04-08 07:22:00,44.3,2,0
T0321,D032,V096,2024-05-25 21:20:00,2024-05-25 22:10:00,42.3,0,0
T0322,D072,V028,2024-04-16 03:36:00,2024-04-16 06:24:00,144.7,1,1
T0323,D059,V065,2024-06-28 22:42:00,2024-06-29 00:36:00,126.1,1,1
T0324,D022,V024,2024-05-20 13:42:00,2024-05-20 15:56:00,89.8,1,0
T0325,D021,V005,2024-05-16 20:28:00,2024-05-16 22:26:00,135.3,1,0
T0326,D041,V017,2024-05-20 11:04:00,2024-05-20 12:44:00,73.0,0,0
T0327,D056,V007,2024-07-04 11:02:00,2024-07-04 13:42:00,94.8,0,0
T0328,D070,V081,2024-02-24 12:48:00,2024-02-24 15:13:00,165.4,0,0
T0329,D033,V047,2024-04-25 15:16:00,2024-04-25 17:02:00,42.4,1,0
T0330,D005,V060,2024-03-13 20:20:00,2024-03-13 20:29:00,7.3,1,0
T0331,D039,V047,2024-01-02 10:15:00,2024-01-02 11:16:00,34.9,0,0
T0332,D041,V077,2024-01-06 23:32:00,2024-01-07 00:47:00,85.1,0,1
T0333,D066,V021,2024-05-22 19:28:00,2024-05-22 21:59:00,79.1,1,0
T0334,D005,V060,2024-04-27 12:08:00,2024-04-27 12:52:00,22.5,0,0
T0335,D047,V014,2024-05-29 08:31:00,2024-05-29 09:35:00,38.7,0,0
T0336,D039,V047,2024-01-24 19:28:00,2024-01-24 21:15:00,91.5,0,0
T0337,D028,V015,2024-07-06 02:38:00,2024-07-06 04:06:00,91.0,1,1
T0338,D023,V026,2024-05-04 23:32:00,2024-05-05 02:04:00,160.5,2,1
T0339,D013,V066,2024-06-01 21:55:00,2024-06-01 23:16:00,34.8,0,0
T0340,D074,V091,2024-04-07 02:40:00,2024-04-07 02:59:00,21.6,2,1
T0341,D043,V086,2024-03-30 14:49:00,2024-03-30 16:40:00,127.0,1,0
T0342,D016,V099,2024-02-28 22:16:00,2024-02-29 00:55:00,181.7,0,1
T0343,D049,V039,2024-01-14 10:24:00,2024-01-14 12:43:00,60.2,1,0
T0344,D070,V081,2024-05-24 05:06:00,2024-05-24 06:34:00,70.6,1,0
T0345,D029,V085,2024-02-09 01:43:00,2024-02-09 04:40:00,174.4,2,1
T0346,D051,V063,2024-04-24 20:18:00,2024-04-24 22:50:00,122.2,0,0
T0347,D029,V085,2024-04-20 09:53:00,2024-04-20 11:38:00,54.4,1,0
T0348,D044,V100,2024-01-22 16:14:00,2024-01-22 18:45:00,150.4,1,0
T0349,D071,V042,2024-04-12 08:57:00,2024-04-12 09:23:00,18.7,1,0
T0350,D056,V007,2024-07-17 23:49:00,2024-07-18 00:27:00,38.4,1,1
T0351,D062,V072,2024-02-20 16:39:00,2024-02-20 18:25:00,97.7,0,0
T0352,D026,V092,2024-05-23 21:01:00,2024-05-23 23:20:00,83.0,2,0
T0353,D010,V035,2024-07-17 14:40:00,2024-07-17 16:07:00,82.5,0,0
T0354,D074,V091,2024-01-23 03:50:00,2024-01-23 06:46:00,128.6,3,1
T0355,D047,V014,2024-03-30 06:30:00,2024-03-30 07:57:00,58.8,0,0
T0356,D004,V072,2024-07-16 10:24:00,2024-07-16 11:12:00,57.1,2,0
T0357,D079,V057,2024-06-08 04:58:00,2024-06-08 06:55:00,51.0,3,1
T0358,D030,V026,2024-06-24 12:45:00,2024-06-24 13:29:00,44.3,1,0
T0359,D011,V018,2024-01-29 01:51:00,2024-01-29 02:58:00,77.7,1,1
T0360,D019,V067,2024-03-14 00:28:00,2024-03-14 02:00:00,87.9,0,1
T0361,D015,V040,2024-04-25 16:04:00,2024-04-25 16:14:00,6.7,1,0
T0362,D069,V033,2024-02-24 06:57:00,2024-02-24 09:21:00,117.9,1,0
T0363,D034,V071,2024-05-03 21:15:00,2024-05-03 21:56:00,39.2,0,0
T0364,D003,V084,2024-04-06 19:53:00,2024-04-06 22:47:00,142.9,1,0
T0365,D033,V022,2024-01-16 09:41:00,2024-01-16 10:37:00,57.8,1,0
T0366,D080,V058,2024-03-10 01:48:00,2024-03-10 03:52:00,114.6,0,1
T0367,D002,V030,2024-01-18 13:15:00,2024-01-18 16:09:00,107.4,2,0
T0368,D047,V004,2024-01-28 00:39:00,2024-01-28 01:58:00,86.4,0,1
T0369,D050,V030,2024-04-07 17:21:00,2024-04-07 17:51:00,33.7,2,0
T0370,D063,V059,2024-06-01 18:08:00,2024-06-01 18:35:00,14.8,1,0
T0371,D065,V059,2024-05-23 00:44:00,2024-05-23 00:59:00,9.0,1,1
T0372,D068,V046,2024-03-19 11:23:00,2024-03-19 13:33:00,92.9,0,0
T0373,D021,V005,2024-01-05 11:50:00,2024-01-05 14:50:00,122.7,0,0
T0374,D039,V047,2024-03-01 17:06:00,2024-03-01 18:21:00,78.7,1,0
T0375,D033,V050,2024-01-08 18:56:00,2024-01-08 20:12:00,44.1,1,0
T0376,D044,V100,2024-04-10 22:25:00,2024-04-10 23:05:00,18.8,0,1
T0377,D049,V052,2024-05-13 23:08:00,2024-05-14 01:49:00,176.8,0,1
T0378,D030,V054,2024-03-02 19:33:00,2024-03-02 20:17:00,32.6,1,0
T0379,D040,V078,2024-03-25 15:19:00,2024-03-25 17:42:00,72.3,1,0
T0380,D018,V075,2024-05-18 23:20:00,2024-05-19 00:16:00,61.0,1,1
T0381,D040,V089,2024-06-29 17:52:00,2024-06-29 18:31:00,29.0,1,0
T0382,D019,V067,2024-06-16 19:16:00,2024-06-16 20:01:00,29.4,1,0
T0383,D072,V028,2024-05-16 04:02:00,2024-05-16 04:54:00,34.0,1,1
T0384,D019,V067,2024-07-05 01:00:00,2024-07-05 02:26:00,95.0,2,1
T0385,D053,V087,2024-04-15 10:21:00,2024-04-15 12:19:00,117.6,0,0
T0386,D036,V099,2024-02-08 06:24:00,2024-02-08 06:56:00,16.2,1,0
T0387,D004,V097,2024-07-14 20:53:00,2024-07-14 23:35:00,99.4,0,0
T0388,D073,V083,2024-06-05 07:52:00,2024-06-05 10:29:00,92.0,1,0
T0389,D004,V048,2024-04-01 02:42:00,2024-04-01 04:49:00,64.4,0,1
T0390,D078,V061,2024-07-01 22:10:00,2024-07-01 23:50:00,54.7,2,1
T0391,D050,V063,2024-05-01 04:41:00,2024-05-01 05:27:00,25.5,2,1
T0392,D005,V061,2024-04-14 00:30:00,2024-04-14 01:44:00,85.9,0,1
T0393,D029,V085,2024-07-09 22:54:00,2024-07-09 23:50:00,56.3,3,1
T0394,D009,V064,2024-02-15 14:59:00,2024-02-15 17:41:00,128.3,0,0
T0395,D042,V078,2024-04-27 08:25:00,2024-04-27 10:19:00,82.5,2,0
T0396,D006,V076,2024-06-04 12:59:00,2024-06-04 14:24:00,60.8,2,0
T0397,D074,V050,2024-06-01 18:18:00,2024-06-01 20:37:00,126.9,0,0
T0398,D005,V061,2024-05-13 03:43:00,2024-05-13 05:43:00,91.9,0,1
T0399,D006,V076,2024-03-03 17:42:00,2024-03-03 20:04:00,101.7,1,0
T0400,D006,V076,2024-05-22 13:13:00,2024-05-22 15:30:00,138.7,0,0
T0401,D007,V025,2024-03-15 15:00:00,2024-03-15 16:46:00,117.4,0,0
T0402,D037,V070,2024-04-28 05:40:00,2024-04-28 07:33:00,71.8,2,0
T0403,D007,V089,2024-05-12 04:51:00,2024-05-12 06:54:00,130.9,1,1
T0404,D058,V013,2024-01-24 17:05:00,2024-01-24 17:38:00,17.9,1,0
T0405,D075,V034,2024-06-27 18:39:00,2024-06-27 19:18:00,27.9,1,0
T0406,D042,V078,2024-04-25 00:51:00,2024-04-25 01:41:00,38.1,1,1
T0407,D026,V092,2024-04-26 03:04:00,2024-04-26 04:13:00,45.5,1,1
T0408,D021,V005,2024-07-02 04:13:00,2024-07-02 04:41:00,13.8,1,1
T0409,D058,V013,2024-06-11 12:23:00,2024-06-11 12:49:00,21.3,0,0
T0410,D050,V094,2024-05-10 20:53:00,2024-05-10 21:38:00,31.6,1,0
T0411,D049,V052,2024-01-12 05:49:00,2024-01-12 07:19:00,76.7,2,0
T0412,D020,V075,2024-02-11 04:56:00,2024-02-11 05:46:00,50.8,1,1
T0413,D007,V054,2024-03-19 10:33:00,2024-03-19 12:32:00,75.1,0,0
T0414,D024,V043,2024-01-31 04:29:00,2024-01-31 05:25:00,22.6,1,1
T0415,D033,V002,2024-04-27 16:59:00,2024-04-27 19:11:00,110.2,1,0
T0416,D001,V057,2024-06-04 16:50:00,2024-06-04 17:55:00,37.3,0,0
T0417,D061,V035,2024-04-26 13:59:00,2024-04-26 15:57:00,54.7,0,0
T0418,D077,V062,2024-01-02 08:21:00,2024-01-02 10:46:00,90.3,2,0
T0419,D072,V028,2024-02-23 01:40:00,2024-02-23 02:32:00,27.0,1,1
T0420,D045,V027,2024-01-10 04:57:00,2024-01-10 05:10:00,12.1,0,1
T0421,D078,V039,2024-03-25 02:59:00,2024-03-25 03:16:00,8.3,0,1
T0422,D023,V026,2024-02-11 22:56:00,2024-02-12 00:13:00,68.4,1,1
T0423,D077,V062,2024-05-26 19:11:00,2024-05-26 20:01:00,58.7,0,0
T0424,D075,V034,2024-04-02 01:13:00,2024-04-02 01:41:00,28.4,0,1
T0425,D042,V078,2024-04-04 12:56:00,2024-04-04 13:18:00,22.1,1,0
T0426,D071,V042,2024-01-17 09:59:00,2024-01-17 12:04:00,63.5,2,0
T0427,D036,V099,2024-03-25 17:59:00,2024-03-25 19:49:00,90.2,0,0
T0428,D027,V037,2024-06-05 01:59:00,2024-06-05 02:31:00,27.4,2,1
T0429,D068,V046,2024-01-23 16:30:00,2024-01-23 19:09:00,182.4,0,0
T0430,D037,V070,2024-04-19 20:46:00,2024-04-19 22:12:00,52.3,1,0
T0431,D074,V091,2024-06-08 12:04:00,2024-06-08 12:42:00,33.9,1,0
T0432,D064,V080,2024-05-13 21:34:00,2024-05-13 23:46:00,104.8,1,0
T0433,D024,V043,2024-06-05 07:56:00,2024-06-05 09:15:00,93.5,3,0
T0434,D001,V057,2024-01-31 00:49:00,2024-01-31 02:53:00,111.6,2,1
T0435,D016,V095,2024-02-23 21:00:00,2024-02-23 22:51:00,81.2,0,0
T0436,D043,V086,2024-03-30 19:07:00,2024-03-30 21:55:00,95.7,0,0
T0437,D026,V079,2024-06-25 09:36:00,2024-06-25 10:46:00,72.3,0,0
T0438,D040,V039,2024-05-09 18:46:00,2024-05-09 20:13:00,88.2,0,0
T0439,D015,V088,2024-03-26 11:39:00,2024-03-26 13:25:00,103.8,0,0
T0440,D079,V004,2024-02-14 06:37:00,2024-02-14 08:06:00,95.0,0,0
T0441,D062,V061,2024-01-10 22:02:00,2024-01-10 22:41:00,30.6,0,1
T0442,D059,V065,2024-05-17 11:26:00,2024-05-17 13:29:00,126.3,1,0
T0443,D053,V087,2024-07-09 01:54:00,2024-07-09 04:12:00,88.2,2,1
T0444,D041,V017,2024-05-22 18:17:00,2024-05-22 18:26:00,5.1,1,0
T0445,D043,V086,2024-03-31 02:15:00,2024-03-31 02:58:00,26.8,0,1
T0446,D004,V072,2024-03-27 12:48:00,2024-03-27 15:33:00,136.5,0,0
T0447,D022,V074,2024-06-04 13:17:00,2024-06-04 14:09:00,45.6,1,0
T0448,D040,V091,2024-03-21 01:04:00,2024-03-21 02:18:00,54.1,0,1
T0449,D064,V069,2024-03-01 12:41:00,2024-03-01 14:41:00,127.6,2,0
T0450,D039,V038,2024-02-25 17:55:00,2024-02-25 19:17:00,44.3,2,0
T0451,D048,V045,2024-07-19 01:16:00,2024-07-19 02:12:00,63.3,1,1
T0452,D057,V065,2024-01-07 16:28:00,2024-01-07 18:41:00,69.6,2,0
T0453,D044,V100,2024-05-03 17:52:00,2024-05-03 19:16:00,85.7,2,0
T0454,D019,V067,2024-07-15 03:21:00,2024-07-15 05:38:00,129.0,0,1
T0455,D017,V027,2024-07-04 01:14:00,2024-07-04 03:16:00,86.6,0,1
T0456,D067,V074,2024-01-30 00:08:00,2024-01-30 01:32:00,96.3,0,1
T0457,D077,V062,2024-01-23 11:22:00,2024-01-23 13:26:00,137.8,1,0
T0458,D014,V049,2024-05-13 22:29:00,2024-05-13 23:53:00,35.1,1,1
T0459,D040,V082,2024-02-23 10:57:00,2024-02-23 11:53:00,31.0,1,0
T0460,D036,V068,2024-05-16 10:53:00,2024-05-16 12:50:00,109.6,1,0
T0461,D035,V040,2024-02-08 05:22:00,2024-02-08 06:37:00,36.9,0,0
T0462,D080,V058,2024-05-23 17:32:00,2024-05-23 18:03:00,17.5,3,0
T0463,D045,V055,2024-05-20 10:52:00,2024-05-20 12:06:00,38.0,1,0
T0464,D037,V070,2024-05-26 08:21:00,2024-05-26 09:09:00,21.9,0,0
T0465,D079,V044,2024-05-18 15:08:00,2024-05-18 15:25:00,8.6,0,0
T0466,D061,V008,2024-06-21 01:43:00,2024-06-21 02:15:00,22.6,0,1
T0467,D012,V001,2024-04-19 13:22:00,2024-04-19 14:12:00,48.2,0,0
T0468,D076,V081,2024-06-25 23:52:00,2024-06-26 01:51:00,106.3,1,1
T0469,D040,V043,2024-02-20 22:53:00,2024-02-21 01:14:00,65.3,0,1
T0470,D060,V006,2024-05-25 04:29:00,2024-05-25 04:57:00,29.4,1,1
T0471,D060,V006,2024-01-25 15:33:00,2024-01-25 16:57:00,79.6,1,0
T0472,D060,V006,2024-04-30 07:54:00,2024-04-30 08:56:00,31.9,2,0
T0473,D079,V034,2024-04-03 13:22:00,2024-04-03 14:13:00,48.9,1,0
T0474,D043,V086,2024-03-24 15:28:00,2024-03-24 17:37:00,54.7,1,0
T0475,D061,V008,2024-01-29 11:59:00,2024-01-29 14:06:00,97.7,0,0
T0476,D022,V037,2024-07-15 11:53:00,2024-07-15 14:32:00,136.7,0,0
T0477,D066,V009,2024-01-27 13:50:00,2024-01-27 14:22:00,21.1,0,0
T0478,D010,V039,2024-05-16 15:44:00,2024-05-16 17:31:00,93.3,3,0
T0479,D031,V071,2024-06-07 08:19:00,2024-06-07 10:44:00,76.4,1,0
T0480,D062,V050,2024-01-17 11:37:00,2024-01-17 12:35:00,61.0,0,0
T0481,D076,V056,2024-07-19 14:51:00,2024-07-19 17:21:00,154.5,1,0
T0482,D070,V081,2024-06-26 08:03:00,2024-06-26 08:52:00,45.6,1,0
T0483,D010,V095,2024-07-01 19:35:00,2024-07-01 21:44:00,63.4,0,0
T0484,D077,V062,2024-04-28 11:06:00,2024-04-28 13:33:00,70.3,3,0
T0485,D057,V023,2024-03-19 13:51:00,2024-03-19 14:13:00,19.3,1,0
T0486,D077,V062,2024-07-16 12:56:00,2024-07-16 14:24:00,70.0,0,0
T0487,D008,V032,2024-01-24 07:25:00,2024-01-24 08:05:00,44.4,1,0
T0488,D001,V057,2024-07-12 05:00:00,2024-07-12 07:54:00,90.4,1,0
T0489,D069,V033,2024-03-15 13:18:00,2024-03-15 16:00:00,139.7,0,0
T0490,D026,V079,2024-02-22 23:15:00,2024-02-23 00:41:00,55.0,3,1
T0491,D039,V053,2024-04-21 11:45:00,2024-04-21 12:12:00,23.4,3,0
T0492,D079,V066,2024-04-13 04:21:00,2024-04-13 05:41:00,36.0,1,1
T0493,D071,V042,2024-01-14 00:01:00,2024-01-14 02:29:00,156.4,1,1
T0494,D046,V054,2024-01-29 09:37:00,2024-01-29 09:49:00,7.1,2,0
T0495,D076,V051,2024-06-09 10:51:00,2024-06-09 12:33:00,73.9,1,0
T0496,D056,V007,2024-05-19 07:12:00,2024-05-19 10:06:00,93.7,0,0
T0497,D018,V025,2024-05-22 13:07:00,2024-05-22 14:44:00,104.0,1,0
T0498,D020,V075,2024-03-14 22:52:00,2024-03-14 23:29:00,18.8,2,1
T0499,D010,V083,2024-01-05 04:54:00,2024-01-05 07:03:00,119.5,2,1
T0500,D018,V011,2024-02-05 21:55:00,2024-02-05 23:46:00,120.8,1,0
T0501,D078,V055,2024-06-08 06:08:00,2024-06-08 08:09:00,97.7,1,0
T0502,D071,V042,2024-04-25 13:07:00,2024-04-25 14:42:00,55.2,0,0
T0503,D055,V098,2024-06-03 00:15:00,2024-06-03 02:47:00,121.4,0,1
T0504,D031,V071,2024-07-01 17:07:00,2024-07-01 18:20:00,53.2,1,0
T0505,D070,V081,2024-05-27 12:31:00,2024-05-27 12:44:00,15.4,0,0
T0506,D073,V093,2024-05-03 12:34:00,2024-05-03 13:07:00,28.5,0,0
T0507,D011,V018,2024-02-06 17:58:00,2024-02-06 19:14:00,58.7,1,0
T0508,D011,V018,2024-05-13 20:49:00,2024-05-13 21:16:00,16.1,2,0
T0509,D010,V088,2024-06-11 18:24:00,2024-06-11 20:57:00,99.4,0,0
T0510,D007,V044,2024-05-16 00:22:00,2024-05-16 02:27:00,95.4,0,1
T0511,D061,V008,2024-05-26 11:18:00,2024-05-26 13:10:00,76.4,1,0
T0512,D038,V011,2024-03-15 05:43:00,2024-03-15 05:57:00,13.4,0,0
T0513,D077,V062,2024-07-10 10:22:00,2024-07-10 12:51:00,90.6,0,0
T0514,D061,V008,2024-05-28 05:46:00,2024-05-28 08:17:00,66.6,2,0
T0515,D038,V011,2024-07-07 21:18:00,2024-07-07 21:29:00,6.9,1,0
T0516,D011,V018,2024-02-02 17:15:00,2024-02-02 17:39:00,25.9,1,0
T0517,D036,V068,2024-03-05 04:31:00,2024-03-05 07:13:00,101.2,2,1
T0518,D033,V002,2024-07-08 03:48:00,2024-07-08 06:27:00,85.8,0,1
T0519,D076,V095,2024-02-08 22:29:00,2024-02-09 00:28:00,82.8,1,1
T0520,D023,V031,2024-03-07 23:55:00,2024-03-08 01:00:00,51.2,1,1
T0521,D068,V036,2024-01-09 11:42:00,2024-01-09 12:08:00,30.5,0,0
T0522,D077,V062,2024-02-09 16:55:00,2024-02-09 18:45:00,111.8,0,0
T0523,D031,V071,2024-06-18 15:01:00,2024-06-18 17:49:00,89.7,0,0
T0524,D074,V091,2024-07-06 11:46:00,2024-07-06 12:04:00,16.4,0,0
T0525,D015,V007,2024-02-12 15:50:00,2024-02-12 17:37:00,83.6,0,0
T0526,D061,V035,2024-07-10 18:10:00,2024-07-10 19:14:00,45.0,1,0
T0527,D050,V061,2024-03-08 04:57:00,2024-03-08 07:17:00,153.5,2,1
T0528,D002,V030,2024-03-14 15:19:00,2024-03-14 17:01:00,96.2,0,0
T0529,D068,V036,2024-06-23 01:24:00,2024-06-23 01:53:00,32.9,4,1
T0530,D046,V054,2024-04-20 20:50:00,2024-04-20 23:41:00,185.8,0,0
T0531,D043,V086,2024-03-10 09:06:00,2024-03-10 09:36:00,18.1,0,0
T0532,D075,V034,2024-04-10 15:44:00,2024-04-10 18:41:00,176.9,1,0
T0533,D076,V099,2024-02-19 17:44:00,2024-02-19 19:15:00,85.7,1,0
T0534,D024,V043,2024-03-21 18:41:00,2024-03-21 18:48:00,6.6,0,0
T0535,D009,V064,2024-01-04 14:02:00,2024-01-04 14:32:00,24.6,0,0
T0536,D058,V013,2024-03-30 07:29:00,2024-03-30 08:46:00,46.3,0,0
T0537,D005,V060,2024-01-07 21:08:00,2024-01-07 21:36:00,12.5,1,0
T0538,D077,V062,2024-06-17 07:24:00,2024-06-17 10:02:00,143.9,0,0
T0539,D016,V012,2024-06-03 04:26:00,2024-06-03 06:07:00,93.4,4,1
T0540,D073,V083,2024-02-17 03:47:00,2024-02-17 04:39:00,31.3,1,1
T0541,D060,V006,2024-06-18 02:35:00,2024-06-18 05:23:00,128.1,2,1
T0542,D036,V099,2024-07-15 14:34:00,2024-07-15 17:29:00,177.8,0,0
T0543,D042,V078,2024-03-06 05:31:00,2024-03-06 05:54:00,14.3,1,0
T0544,D008,V032,2024-04-07 13:15:00,2024-04-07 14:45:00,107.7,1,0
T0545,D034,V034,2024-02-15 15:02:00,2024-02-15 15:24:00,17.5,1,0
T0546,D026,V079,2024-06-05 13:24:00,2024-06-05 14:14:00,45.8,1,0
T0547,D014,V049,2024-02-06 18:27:00,2024-02-06 20:22:00,66.1,1,0
T0548,D014,V049,2024-04-23 08:50:00,2024-04-23 09:21:00,13.3,0,0
T0549,D010,V074,2024-07-05 08:33:00,2024-07-05 10:32:00,49.4,2,0
T0550,D064,V069,2024-02-08 22:17:00,2024-02-09 01:05:00,67.3,0,1
T0551,D005,V060,2024-06-19 13:19:00,2024-06-19 14:32:00,38.1,1,0
T0552,D043,V086,2024-04-10 19:36:00,2024-04-10 19:41:00,4.1,2,0
T0553,D063,V059,2024-05-02 14:53:00,2024-05-02 16:41:00,116.1,2,0
T0554,D009,V064,2024-05-18 07:42:00,2024-05-18 07:47:00,3.5,2,0
T0555,D062,V016,2024-05-25 18:16:00,2024-05-25 19:52:00,64.0,1,0
T0556,D039,V047,2024-04-12 01:53:00,2024-04-12 04:39:00,198.8,0,1
T0557,D012,V001,2024-04-03 18:14:00,2024-04-03 19:46:00,42.7,3,0
T0558,D059,V065,2024-07-13 09:53:00,2024-07-13 12:43:00,95.6,3,0
T0559,D071,V042,2024-01-11 13:06:00,2024-01-11 16:00:00,96.2,1,0
T0560,D050,V014,2024-06-10 23:30:00,2024-06-11 01:06:00,75.8,1,1
T0561,D057,V095,2024-02-18 04:46:00,2024-02-18 05:00:00,7.8,2,1
T0562,D076,V031,2024-05-05 13:16:00,2024-05-05 13:37:00,21.7,1,0
T0563,D040,V064,2024-05-16 15:20:00,2024-05-16 15:29:00,3.9,0,0
T0564,D008,V032,2024-03-27 01:27:00,2024-03-27 03:15:00,53.4,1,1
T0565,D067,V074,2024-04-27 23:08:00,2024-04-28 01:30:00,73.7,2,1
T0566,D075,V034,2024-02-29 02:27:00,2024-02-29 02:41:00,13.8,0,1
T0567,D063,V059,2024-06-16 00:39:00,2024-06-16 02:44:00,140.7,0,1
T0568,D080,V051,2024-01-12 08:17:00,2024-01-12 11:08:00,86.3,0,0
T0569,D023,V031,2024-06-10 01:42:00,2024-06-10 03:05:00,87.7,1,1
T0570,D013,V066,2024-04-26 20:51:00,2024-04-26 21:39:00,51.3,0,0
T0571,D009,V064,2024-01-28 03:53:00,2024-01-28 06:05:00,115.6,1,1
T0572,D079,V029,2024-01-17 06:55:00,2024-01-17 08:49:00,76.4,0,0
T0573,D052,V023,2024-03-24 04:07:00,2024-03-24 07:07:00,154.9,2,1
T0574,D018,V042,2024-02-24 01:33:00,2024-02-24 04:09:00,84.0,2,1
T0575,D009,V064,2024-01-31 09:20:00,2024-01-31 10:01:00,41.2,2,0
T0576,D022,V090,2024-04-04 18:53:00,2024-04-04 19:40:00,35.3,0,0
T0577,D075,V034,2024-01-11 04:33:00,2024-01-11 05:03:00,31.0,1,1
T0578,D079,V049,2024-07-18 05:23:00,2024-07-18 05:32:00,9.9,1,0
T0579,D011,V003,2024-01-02 00:14:00,2024-01-02 01:04:00,57.0,0,1
T0580,D076,V037,2024-04-16 23:40:00,2024-04-17 01:46:00,120.2,3,1
T0581,D027,V037,2024-02-06 21:50:00,2024-02-06 23:04:00,60.6,1,0
T0582,D053,V087,2024-03-02 05:57:00,2024-03-02 08:38:00,153.5,0,0
T0583,D077,V062,2024-02-16 17:03:00,2024-02-16 19:44:00,186.8,0,0
T0584,D039,V053,2024-03-30 14:17:00,2024-03-30 14:23:00,5.1,0,0
T0585,D025,V016,2024-05-15 03:15:00,2024-05-15 05:58:00,112.4,1,1
T0586,D070,V081,2024-05-09 07:29:00,2024-05-09 09:32:00,125.0,0,0
T0587,D027,V037,2024-03-11 01:48:00,2024-03-11 02:42:00,26.5,0,1
T0588,D020,V075,2024-06-24 16:11:00,2024-06-24 18:23:00,71.4,1,0
T0589,D006,V076,2024-01-14 22:00:00,2024-01-14 23:38:00,61.5,1,1
T0590,D056,V007,2024-03-05 11:24:00,2024-03-05 14:06:00,169.1,2,0
T0591,D059,V065,2024-01-12 03:33:00,2024-01-12 03:51:00,20.5,0,1
T0592,D023,V026,2024-02-10 00:59:00,2024-02-10 03:08:00,104.7,0,1
T0593,D010,V031,2024-07-03 15:10:00,2024-07-03 17:46:00,134.8,0,0
T0594,D054,V095,2024-02-20 23:06:00,2024-02-21 00:34:00,51.4,2,1
T0595,D015,V042,2024-02-28 03:20:00,2024-02-28 04:25:00,64.4,4,1
T0596,D026,V092,2024-04-06 07:31:00,2024-04-06 07:54:00,17.9,1,0
T0597,D063,V059,2024-01-14 14:52:00,2024-01-14 15:34:00,24.1,1,0
T0598,D079,V059,2024-02-15 13:13:00,2024-02-15 14:53:00,50.9,0,0
T0599,D025,V081,2024-04-01 09:12:00,2024-04-01 10:08:00,37.4,0,0
T0600,D005,V061,2024-06-26 19:24:00,2024-06-26 19:44:00,12.5,1,0
T0601,D015,V060,2024-04-27 14:16:00,2024-04-27 15:04:00,48.4,1,0
T0602,D029,V085,2024-03-16 20:36:00,2024-03-16 21:21:00,46.4,0,0
T0603,D079,V022,2024-05-27 18:52:00,2024-05-27 19:55:00,29.6,0,0
T0604,D067,V074,2024-05-05 07:23:00,2024-05-05 09:59:00,121.5,0,0
T0605,D060,V006,2024-03-12 00:29:00,2024-03-12 02:23:00,112.7,0,1
T0606,D032,V002,2024-03-04 11:10:00,2024-03-04 13:06:00,100.2,2,0
T0607,D076,V020,2024-05-26 00:10:00,2024-05-26 02:01:00,131.4,0,1
T0608,D006,V076,2024-04-30 17:12:00,2024-04-30 17:25:00,9.6,3,0
T0609,D051,V063,2024-05-02 23:46:00,2024-05-03 00:16:00,22.9,1,1
T0610,D031,V041,2024-01-22 19:03:00,2024-01-22 19:11:00,7.6,0,0
T0611,D053,V087,2024-02-25 04:31:00,2024-02-25 06:07:00,61.1,0,1
T0612,D012,V001,2024-01-05 16:22:00,2024-01-05 19:18:00,113.3,1,0
T0613,D059,V065,2024-05-26 19:55:00,2024-05-26 20:06:00,13.0,1,0
T0614,D060,V006,2024-07-16 04:43:00,2024-07-16 06:31:00,59.2,1,1
T0615,D048,V045,2024-06-09 15:50:00,2024-06-09 18:37:00,67.0,1,0
T0616,D010,V050,2024-06-25 11:21:00,2024-06-25 13:41:00,59.7,0,0
T0617,D055,V098,2024-07-11 09:12:00,2024-07-11 11:53:00,134.3,0,0
T0618,D027,V037,2024-06-24 02:45:00,2024-06-24 05:28:00,180.1,1,1
T0619,D008,V032,2024-05-11 23:01:00,2024-05-12 00:39:00,108.8,0,1
T0620,D015,V050,2024-04-03 15:53:00,2024-04-03 18:36:00,70.5,3,0
T0621,D047,V004,2024-02-14 22:07:00,2024-02-15 00:35:00,142.7,0,1
T0622,D072,V028,2024-06-30 06:59:00,2024-06-30 07:39:00,47.4,0,0
T0623,D031,V041,2024-05-18 03:52:00,2024-05-18 06:43:00,133.9,0,1
T0624,D075,V034,2024-06-28 07:09:00,2024-06-28 08:11:00,40.7,1,0
T0625,D035,V040,2024-05-08 23:13:00,2024-05-09 01:06:00,70.3,1,1
T0626,D009,V064,2024-04-05 11:47:00,2024-04-05 13:47:00,94.7,0,0
T0627,D068,V036,2024-02-01 16:02:00,2024-02-01 18:23:00,132.9,0,0
T0628,D069,V033,2024-03-15 15:25:00,2024-03-15 18:08:00,113.2,2,0
T0629,D009,V064,2024-02-18 15:37:00,2024-02-18 16:04:00,12.5,1,0
T0630,D023,V031,2024-03-14 02:37:00,2024-03-14 03:09:00,17.0,0,1
T0631,D015,V090,2024-02-07 16:56:00,2024-02-07 17:39:00,47.3,1,0
T0632,D067,V074,2024-06-09 00:46:00,2024-06-09 02:06:00,58.7,1,1
T0633,D070,V081,2024-02-03 16:10:00,2024-02-03 17:43:00,68.5,0,0
T0634,D003,V024,2024-03-15 06:27:00,2024-03-15 06:48:00,8.8,1,0
T0635,D030,V067,2024-06-14 11:27:00,2024-06-14 13:17:00,94.9,1,0
T0636,D042,V078,2024-05-04 20:15:00,2024-05-04 23:10:00,167.6,1,0
T0637,D071,V042,2024-04-23 15:37:00,2024-04-23 16:59:00,70.0,3,0
T0638,D040,V022,2024-03-07 07:44:00,2024-03-07 09:52:00,89.3,1,0
T0639,D037,V029,2024-07-16 01:36:00,2024-07-16 02:18:00,28.7,1,1
T0640,D059,V065,2024-02-12 21:06:00,2024-02-12 21:52:00,44.6,1,0
T0641,D037,V070,2024-02-16 05:59:00,2024-02-16 08:54:00,181.2,1,0
T0642,D021,V005,2024-03-01 03:59:00,2024-03-01 04:14:00,17.9,0,1
T0643,D074,V019,2024-02-02 15:02:00,2024-02-02 16:13:00,49.4,0,0
T0644,D027,V037,2024-05-23 01:11:00,2024-05-23 04:06:00,114.4,0,1
T0645,D045,V055,2024-02-07 12:43:00,2024-02-07 14:42:00,99.0,1,0
T0646,D021,V005,2024-05-16 10:17:00,2024-05-16 10:53:00,40.9,1,0
T0647,D052,V023,2024-05-07 04:57:00,2024-05-07 06:59:00,139.4,2,1
T0648,D020,V075,2024-01-02 18:38:00,2024-01-02 20:52:00,89.1,0,0
T0649,D038,V011,2024-05-01 09:53:00,2024-05-01 12:24:00,141.0,1,0
T0650,D073,V083,2024-07-05 15:05:00,2024-07-05 16:36:00,86.6,2,0
T0651,D062,V006,2024-02-05 23:08:00,2024-02-06 01:34:00,72.1,1,1
T0652,D004,V072,2024-04-12 21:04:00,2024-04-12 22:05:00,46.2,0,0
T0653,D012,V001,2024-03-24 01:52:00,2024-03-24 04:32:00,146.1,1,1
T0654,D075,V034,2024-05-14 07:34:00,2024-05-14 08:50:00,42.3,2,0
T0655,D011,V003,2024-05-17 15:12:00,2024-05-17 18:10:00,166.8,2,0
T0656,D012,V001,2024-05-11 13:27:00,2024-05-11 14:21:00,42.8,1,0
T0657,D078,V078,2024-05-10 01:54:00,2024-05-10 04:49:00,120.5,1,1
T0658,D019,V067,2024-07-02 14:35:00,2024-07-02 16:14:00,70.2,0,0
T0659,D002,V030,2024-03-13 11:46:00,2024-03-13 13:20:00,60.8,1,0
T0660,D058,V013,2024-05-23 02:59:00,2024-05-23 03:59:00,58.9,3,1
T0661,D057,V095,2024-04-16 15:06:00,2024-04-16 16:24:00,41.4,0,0
T0662,D055,V098,2024-07-05 14:08:00,2024-07-05 14:48:00,42.7,0,0
T0663,D077,V062,2024-01-23 04:54:00,2024-01-23 05:52:00,37.3,1,1
T0664,D068,V046,2024-03-26 02:15:00,2024-03-26 04:51:00,156.8,0,1
T0665,D012,V001,2024-01-02 13:58:00,2024-01-02 16:46:00,190.1,2,0
T0666,D054,V095,2024-02-14 18:58:00,2024-02-14 21:01:00,119.1,0,0
T0667,D018,V026,2024-02-17 13:01:00,2024-02-17 14:20:00,66.6,1,0
T0668,D006,V076,2024-03-18 19:58:00,2024-03-18 21:20:00,65.2,1,0
T0669,D060,V006,2024-02-27 00:54:00,2024-02-27 00:59:00,2.6,0,1
T0670,D039,V047,2024-06-12 21:43:00,2024-06-12 23:48:00,62.4,1,0
T0671,D037,V029,2024-04-16 06:07:00,2024-04-16 08:17:00,146.3,1,0
T0672,D032,V025,2024-01-08 04:04:00,2024-01-08 05:19:00,59.6,0,1
T0673,D009,V064,2024-06-02 12:20:00,2024-06-02 14:53:00,120.0,1,0
T0674,D056,V007,2024-03-07 21:26:00,2024-03-08 00:26:00,140.5,1,0
T0675,D016,V048,2024-05-11 19:38:00,2024-05-11 19:47:00,9.7,0,0
T0676,D021,V005,2024-05-28 01:59:00,2024-05-28 02:41:00,27.5,0,1
T0677,D018,V046,2024-02-11 01:48:00,2024-02-11 03:02:00,51.0,0,1
T0678,D046,V054,2024-01-13 09:53:00,2024-01-13 11:12:00,65.1,1,0
T0679,D010,V066,2024-02-19 21:26:00,2024-02-19 22:17:00,51.6,0,0
T0680,D077,V062,2024-07-11 05:42:00,2024-07-11 08:06:00,94.8,0,0
T0681,D041,V017,2024-06-24 10:16:00,2024-06-24 11:30:00,70.2,1,0
T0682,D047,V004,2024-01-25 18:14:00,2024-01-25 20:47:00,104.2,1,0
T0683,D019,V067,2024-01-04 04:40:00,2024-01-04 06:57:00,85.6,0,1
T0684,D063,V059,2024-04-15 11:36:00,2024-04-15 12:22:00,22.2,0,0
T0685,D020,V089,2024-05-08 07:32:00,2024-05-08 08:25:00,54.9,0,0
T0686,D072,V028,2024-06-06 23:32:00,2024-06-07 01:51:00,149.7,1,1
T0687,D071,V042,2024-06-28 03:53:00,2024-06-28 05:44:00,85.3,1,1
T0688,D010,V015,2024-02-03 00:35:00,2024-02-03 02:42:00,86.2,2,1
T0689,D047,V004,2024-02-05 15:05:00,2024-02-05 17:42:00,128.5,0,0
T0690,D044,V100,2024-02-14 10:23:00,2024-02-14 10:35:00,11.9,0,0
T0691,D016,V029,2024-02-02 23:41:00,2024-02-03 00:22:00,39.0,1,1
T0692,D040,V017,2024-02-23 04:26:00,2024-02-23 04:51:00,18.5,0,1
T0693,D015,V010,2024-01-05 16:31:00,2024-01-05 18:26:00,49.9,0,0
T0694,D014,V049,2024-01-09 22:31:00,2024-01-10 00:47:00,118.9,0,1
T0695,D061,V035,2024-01-31 08:38:00,2024-01-31 08:54:00,7.2,0,0
T0696,D002,V030,2024-07-12 03:17:00,2024-07-12 03:53:00,40.9,0,1
T0697,D027,V037,2024-05-30 06:49:00,2024-05-30 07:41:00,48.7,2,0
T0698,D004,V097,2024-01-24 04:58:00,2024-01-24 06:14:00,88.1,2,1
T0699,D045,V055,2024-03-31 05:28:00,2024-03-31 07:41:00,136.3,1,0
T0700,D079,V031,2024-05-09 19:27:00,2024-05-09 19:49:00,10.5,1,0
T0701,D075,V034,2024-07-14 00:28:00,2024-07-14 02:48:00,80.3,0,1
T0702,D025,V037,2024-02-13 18:20:00,2024-02-13 18:26:00,7.1,0,0
T0703,D013,V066,2024-02-24 17:12:00,2024-02-24 19:18:00,87.3,0,0
T0704,D076,V024,2024-04-22 22:59:00,2024-04-22 23:31:00,17.4,2,1
T0705,D046,V054,2024-04-07 14:28:00,2024-04-07 15:27:00,47.9,1,0
T0706,D053,V087,2024-01-29 10:43:00,2024-01-29 11:19:00,27.8,1,0
T0707,D067,V074,2024-02-04 16:55:00,2024-02-04 18:32:00,93.5,3,0
T0708,D072,V028,2024-07-03 01:23:00,2024-07-03 01:49:00,17.2,1,1
T0709,D015,V050,2024-03-13 15:35:00,2024-03-13 18:13:00,156.3,2,0
T0710,D057,V029,2024-05-21 13:54:00,2024-05-21 15:13:00,93.8,2,0
T0711,D055,V098,2024-02-18 02:22:00,2024-02-18 04:28:00,145.1,0,1
T0712,D048,V045,2024-02-15 00:26:00,2024-02-15 03:23:00,140.4,1,1
T0713,D014,V049,2024-04-11 14:57:00,2024-04-11 17:15:00,127.9,1,0
T0714,D011,V003,2024-01-31 04:53:00,2024-01-31 06:39:00,76.4,0,1
T0715,D076,V014,2024-07-08 05:45:00,2024-07-08 06:06:00,14.5,1,0
T0716,D026,V092,2024-03-27 06:50:00,2024-03-27 09:27:00,168.8,0,0
T0717,D052,V020,2024-02-01 07:56:00,2024-02-01 09:49:00,110.8,1,0
T0718,D036,V099,2024-07-14 19:51:00,2024-07-14 22:27:00,96.5,2,0
T0719,D052,V020,2024-04-01 16:14:00,2024-04-01 19:09:00,154.4,1,0
T0720,D052,V020,2024-05-04 17:27:00,2024-05-04 18:43:00,39.4,2,0
T0721,D059,V065,2024-01-28 04:10:00,2024-01-28 05:19:00,54.6,1,1
T0722,D030,V081,2024-02-04 01:00:00,2024-02-04 01:30:00,29.7,1,1
T0723,D009,V064,2024-05-07 23:08:00,2024-05-07 23:19:00,13.0,0,1
T0724,D049,V090,2024-06-03 23:11:00,2024-06-04 00:39:00,46.0,1,1
T0725,D080,V058,2024-06-08 03:17:00,2024-06-08 03:41:00,22.3,0,1
T0726,D067,V074,2024-07-15 16:48:00,2024-07-15 18:52:00,69.6,0,0
T0727,D064,V080,2024-05-05 17:13:00,2024-05-05 18:24:00,59.2,0,0
T0728,D070,V081,2024-05-19 00:36:00,2024-05-19 00:49:00,15.5,0,1
T0729,D016,V050,2024-04-25 10:44:00,2024-04-25 12:25:00,76.2,1,0
T0730,D005,V060,2024-01-09 06:02:00,2024-01-09 08:29:00,136.3,1,0
T0731,D039,V047,2024-06-29 05:36:00,2024-06-29 07:46:00,96.8,1,0
T0732,D040,V092,2024-04-09 16:38:00,2024-04-09 17:11:00,28.2,1,0
T0733,D063,V059,2024-06-17 18:54:00,2024-06-17 21:54:00,149.7,0,0
T0734,D061,V008,2024-05-01 19:11:00,2024-05-01 19:56:00,36.2,0,0
T0735,D051,V063,2024-03-08 16:53:00,2024-03-08 19:29:00,183.6,1,0
T0736,D079,V087,2024-03-31 09:42:00,2024-03-31 11:09:00,39.1,2,0
T0737,D076,V006,2024-02-02 12:30:00,2024-02-02 14:04:00,98.5,2,0
T0738,D075,V034,2024-01-07 21:20:00,2024-01-07 22:52:00,64.8,0,0
T0739,D055,V098,2024-03-29 12:11:00,2024-03-29 14:01:00,74.9,0,0
T0740,D032,V096,2024-03-04 08:00:00,2024-03-04 10:50:00,110.4,2,0
T0741,D011,V003,2024-06-25 02:14:00,2024-06-25 03:37:00,40.8,1,1
T0742,D022,V003,2024-05-17 11:07:00,2024-05-17 11:21:00,10.8,0,0
T0743,D055,V098,2024-05-25 17:34:00,2024-05-25 19:26:00,68.7,1,0
T0744,D061,V008,2024-05-30 00:45:00,2024-05-30 02:11:00,60.4,2,1
T0745,D050,V042,2024-05-26 03:20:00,2024-05-26 05:30:00,62.4,1,1
T0746,D027,V037,2024-03-27 16:57:00,2024-03-27 19:10:00,139.5,1,0
T0747,D044,V088,2024-02-12 20:59:00,2024-02-12 22:20:00,55.9,1,0
T0748,D056,V007,2024-02-21 16:57:00,2024-02-21 19:44:00,180.0,2,0
T0749,D010,V069,2024-02-24 09:48:00,2024-02-24 11:00:00,31.5,0,0
T0750,D074,V091,2024-04-12 07:42:00,2024-04-12 10:26:00,163.1,0,0
T0751,D012,V001,2024-07-02 19:44:00,2024-07-02 20:13:00,25.3,1,0
T0752,D035,V040,2024-01-18 19:20:00,2024-01-18 21:40:00,109.2,0,0
T0753,D027,V037,2024-03-29 02:37:00,2024-03-29 05:28:00,181.1,1,1
T0754,D065,V039,2024-04-20 22:38:00,2024-04-21 01:01:00,93.0,1,1
T0755,D054,V095,2024-04-12 08:34:00,2024-04-12 11:18:00,133.2,0,0
T0756,D071,V042,2024-02-16 00:38:00,2024-02-16 03:23:00,158.8,1,1
T0757,D024,V043,2024-05-27 17:02:00,2024-05-27 18:01:00,54.8,2,0
T0758,D060,V006,2024-03-09 21:46:00,2024-03-10 00:07:00,147.6,0,0
T0759,D056,V007,2024-05-24 21:23:00,2024-05-24 21:43:00,16.4,0,0
T0760,D047,V016,2024-04-28 05:02:00,2024-04-28 06:08:00,34.3,0,0
T0761,D039,V038,2024-04-21 14:00:00,2024-04-21 15:26:00,93.6,1,0
T0762,D009,V064,2024-06-11 06:56:00,2024-06-11 08:46:00,67.5,1,0
T0763,D037,V029,2024-06-14 05:28:00,2024-06-14 06:38:00,66.5,0,0
T0764,D031,V071,2024-04-13 08:08:00,2024-04-13 08:42:00,17.7,1,0
T0765,D004,V048,2024-03-03 10:35:00,2024-03-03 12:38:00,97.0,1,0
T0766,D056,V007,2024-04-18 22:04:00,2024-04-18 22:18:00,7.9,0,1
T0767,D035,V040,2024-02-04 00:59:00,2024-02-04 02:10:00,73.3,0,1
T0768,D036,V099,2024-06-17 18:47:00,2024-06-17 19:37:00,45.8,0,0
T0769,D006,V076,2024-07-03 16:35:00,2024-07-03 16:45:00,4.4,0,0
T0770,D011,V018,2024-03-21 20:32:00,2024-03-21 21:53:00,88.6,0,0
T0771,D053,V087,2024-04-03 22:55:00,2024-04-04 01:48:00,191.8,0,1
T0772,D051,V094,2024-07-04 04:47:00,2024-07-04 05:52:00,31.8,0,1
T0773,D065,V016,2024-05-13 22:40:00,2024-05-14 01:13:00,177.4,0,1
T0774,D068,V036,2024-03-05 16:56:00,2024-03-05 17:24:00,16.5,0,0
T0775,D016,V099,2024-03-21 11:14:00,2024-03-21 13:48:00,152.4,1,0
T0776,D031,V041,2024-04-18 07:26:00,2024-04-18 08:07:00,19.9,0,0
T0777,D028,V015,2024-03-11 15:00:00,2024-03-11 16:49:00,65.8,1,0
T0778,D076,V008,2024-05-05 18:12:00,2024-05-05 19:52:00,96.0,0,0
T0779,D015,V041,2024-05-19 14:27:00,2024-05-19 16:33:00,119.2,2,0
T0780,D036,V068,2024-07-19 04:56:00,2024-07-19 06:33:00,75.7,0,1
T0781,D048,V045,2024-03-19 00:43:00,2024-03-19 03:33:00,199.5,0,1
T0782,D078,V005,2024-07-08 22:36:00,2024-07-08 22:54:00,17.1,0,1
T0783,D031,V071,2024-03-05 18:51:00,2024-03-05 20:34:00,66.7,1,0
T0784,D047,V022,2024-06-24 04:09:00,2024-06-24 06:30:00,154.2,0,1
T0785,D057,V050,2024-01-03 13:24:00,2024-01-03 14:34:00,44.8,0,0
T0786,D031,V071,2024-03-17 07:10:00,2024-03-17 07:56:00,52.1,2,0
T0787,D041,V017,2024-07-15 21:59:00,2024-07-15 23:48:00,112.4,2,0
T0788,D036,V068,2024-01-21 16:46:00,2024-01-21 18:51:00,123.7,0,0
T0789,D043,V086,2024-07-02 14:25:00,2024-07-02 14:55:00,31.8,1,0
T0790,D034,V065,2024-01-17 12:00:00,2024-01-17 13:52:00,98.7,0,0
T0791,D071,V042,2024-07-07 11:09:00,2024-07-07 13:10:00,115.7,0,0
T0792,D007,V083,2024-06-13 06:16:00,2024-06-13 09:02:00,125.3,0,0
T0793,D018,V001,2024-04-12 06:49:00,2024-04-12 09:34:00,106.3,1,0
T0794,D074,V019,2024-01-22 03:46:00,2024-01-22 04:31:00,27.0,0,1
T0795,D017,V077,2024-06-24 14:00:00,2024-06-24 15:26:00,65.5,3,0
T0796,D018,V034,2024-02-14 23:27:00,2024-02-15 02:03:00,165.6,0,1
T0797,D037,V029,2024-02-20 02:52:00,2024-02-20 04:43:00,77.0,1,1
T0798,D051,V094,2024-04-06 19:28:00,2024-04-06 20:30:00,25.8,0,0
T0799,D003,V010,2024-05-22 22:05:00,2024-05-23 00:46:00,145.1,0,1
T0800,D012,V001,2024-04-28 06:46:00,2024-04-28 07:58:00,69.2,0,0
T0801,D022,V007,2024-04-12 21:05:00,2024-04-12 22:59:00,100.4,1,0
T0802,D020,V075,2024-01-23 12:33:00,2024-01-23 13:21:00,55.6,2,0
T0803,D016,V002,2024-07-02 17:56:00,2024-07-02 19:52:00,118.2,1,0
T0804,D059,V065,2024-06-21 16:52:00,2024-06-21 17:27:00,20.3,0,0
T0805,D027,V037,2024-02-18 09:05:00,2024-02-18 10:23:00,77.8,1,0
T0806,D049,V039,2024-02-03 14:43:00,2024-02-03 15:40:00,50.2,1,0
T0807,D037,V070,2024-07-05 23:06:00,2024-07-05 23:59:00,38.9,0,1
T0808,D053,V087,2024-02-07 00:58:00,2024-02-07 02:17:00,93.3,0,1
T0809,D031,V071,2024-06-07 15:23:00,2024-06-07 16:31:00,47.3,0,0
T0810,D059,V065,2024-01-22 00:21:00,2024-01-22 02:26:00,63.3,2,1
T0811,D042,V078,2024-06-26 13:34:00,2024-06-26 16:34:00,102.6,0,0
T0812,D050,V091,2024-04-18 20:23:00,2024-04-18 21:33:00,32.1,0,0
T0813,D072,V028,2024-01-16 01:46:00,2024-01-16 03:16:00,103.0,1,1
T0814,D061,V035,2024-03-31 20:41:00,2024-03-31 23:37:00,206.6,2,0
T0815,D077,V062,2024-06-30 01:33:00,2024-06-30 01:39:00,3.6,0,1
T0816,D080,V051,2024-04-07 10:19:00,2024-04-07 12:05:00,99.3,1,0
T0817,D017,V072,2024-01-11 19:48:00,2024-01-11 20:38:00,30.4,1,0
T0818,D065,V064,2024-03-27 15:58:00,2024-03-27 16:36:00,17.9,4,0
T0819,D068,V046,2024-04-20 04:50:00,2024-04-20 06:01:00,35.0,0,1
T0820,D006,V076,2024-02-02 17:02:00,2024-02-02 18:18:00,75.9,0,0
T0821,D056,V007,2024-03-13 08:59:00,2024-03-13 11:40:00,171.3,0,0
T0822,D034,V067,2024-03-21 14:52:00,2024-03-21 15:39:00,30.7,0,0
T0823,D063,V059,2024-07-14 05:09:00,2024-07-14 07:36:00,159.1,3,0
T0824,D057,V007,2024-02-18 05:04:00,2024-02-18 05:22:00,10.5,1,0
T0825,D005,V061,2024-04-30 08:52:00,2024-04-30 09:38:00,44.4,1,0
T0826,D056,V007,2024-01-30 16:53:00,2024-01-30 17:08:00,11.3,1,0
T0827,D072,V028,2024-05-04 15:37:00,2024-05-04 17:48:00,64.2,1,0
T0828,D019,V067,2024-02-01 11:55:00,2024-02-01 12:23:00,15.8,0,0
T0829,D037,V070,2024-02-16 05:44:00,2024-02-16 07:59:00,142.8,0,0
T0830,D073,V093,2024-06-18 19:59:00,2024-06-18 20:58:00,51.1,0,0
T0831,D001,V057,2024-05-14 19:28:00,2024-05-14 20:19:00,37.4,0,0
T0832,D010,V032,2024-07-15 17:00:00,2024-07-15 19:58:00,84.6,3,0
T0833,D043,V086,2024-01-07 09:42:00,2024-01-07 12:41:00,212.1,0,0
T0834,D016,V051,2024-04-05 20:09:00,2024-04-05 20:41:00,34.2,1,0
T0835,D020,V075,2024-01-08 02:46:00,2024-01-08 04:48:00,129.9,1,1
T0836,D062,V059,2024-06-09 09:11:00,2024-06-09 11:48:00,145.4,0,0
T0837,D043,V086,2024-01-12 22:23:00,2024-01-13 01:07:00,190.4,1,1
T0838,D042,V078,2024-07-06 19:25:00,2024-07-06 20:03:00,21.6,0,0
T0839,D007,V083,2024-03-13 11:01:00,2024-03-13 11:20:00,18.9,1,0
T0840,D071,V042,2024-06-03 13:01:00,2024-06-03 13:29:00,20.1,0,0
T0841,D023,V026,2024-03-02 13:36:00,2024-03-02 14:03:00,11.2,1,0
T0842,D027,V037,2024-02-11 13:15:00,2024-02-11 15:03:00,67.8,2,0
T0843,D020,V089,2024-01-31 10:11:00,2024-01-31 12:21:00,135.3,0,0
T0844,D040,V088,2024-06-03 04:28:00,2024-06-03 06:04:00,89.5,1,1
T0845,D048,V045,2024-05-11 06:49:00,2024-05-11 08:59:00,98.3,0,0
T0846,D050,V061,2024-03-09 19:13:00,2024-03-09 21:51:00,116.7,1,0
T0847,D055,V098,2024-04-04 20:57:00,2024-04-04 21:49:00,38.9,1,0
T0848,D055,V098,2024-01-24 01:22:00,2024-01-24 03:38:00,91.6,0,1
T0849,D060,V006,2024-06-22 07:39:00,2024-06-22 10:29:00,161.3,0,0
T0850,D020,V089,2024-05-06 17:59:00,2024-05-06 20:45:00,152.4,1,0
T0851,D011,V018,2024-03-15 15:58:00,2024-03-15 17:54:00,53.7,2,0
T0852,D062,V039,2024-02-08 04:21:00,2024-02-08 07:21:00,202.0,1,1
T0853,D032,V002,2024-05-13 14:35:00,2024-05-13 15:55:00,68.4,0,0
T0854,D071,V042,2024-01-20 01:32:00,2024-01-20 03:48:00,66.1,0,1
T0855,D055,V098,2024-04-15 03:13:00,2024-04-15 05:16:00,114.2,1,1
T0856,D073,V083,2024-03-05 12:07:00,2024-03-05 13:17:00,60.8,1,0
T0857,D065,V003,2024-01-30 22:34:00,2024-01-31 00:37:00,66.9,0,1
T0858,D024,V043,2024-04-10 01:32:00,2024-04-10 01:58:00,19.1,1,1
T0859,D039,V047,2024-03-21 20:02:00,2024-03-21 22:03:00,121.7,0,0
T0860,D058,V013,2024-06-08 09:02:00,2024-06-08 10:34:00,108.0,0,0
T0861,D024,V043,2024-02-24 06:19:00,2024-02-24 06:44:00,24.9,0,0
T0862,D078,V034,2024-06-21 03:37:00,2024-06-21 05:33:00,96.0,3,1
T0863,D001,V057,2024-04-11 03:58:00,2024-04-11 04:06:00,4.3,0,1
T0864,D062,V059,2024-06-26 13:49:00,2024-06-26 16:42:00,202.9,1,0
T0865,D078,V093,2024-05-04 10:20:00,2024-05-04 13:03:00,171.2,1,0
T0866,D079,V047,2024-06-25 22:59:00,2024-06-26 01:56:00,126.7,1,1
T0867,D039,V038,2024-01-23 04:16:00,2024-01-23 04:55:00,16.0,2,1
T0868,D015,V003,2024-06-27 06:25:00,2024-06-27 06:36:00,6.2,0,0
T0869,D019,V067,2024-06-15 08:15:00,2024-06-15 10:11:00,124.5,1,0
T0870,D069,V033,2024-02-18 02:56:00,2024-02-18 04:18:00,83.3,0,1
T0871,D019,V067,2024-05-01 14:24:00,2024-05-01 14:34:00,4.9,3,0
T0872,D020,V089,2024-07-08 23:58:00,2024-07-09 01:56:00,138.2,1,1
T0873,D061,V008,2024-01-06 15:20:00,2024-01-06 17:54:00,91.5,2,0
T0874,D038,V011,2024-05-25 13:22:00,2024-05-25 13:40:00,12.0,0,0
T0875,D014,V049,2024-06-10 14:44:00,2024-06-10 16:35:00,119.8,1,0
T0876,D075,V034,2024-06-01 18:55:00,2024-06-01 20:14:00,33.9,1,0
T0877,D052,V023,2024-05-04 17:31:00,2024-05-04 20:07:00,152.8,0,0
T0878,D063,V059,2024-02-29 02:04:00,2024-02-29 04:24:00,58.1,1,1
T0879,D074,V091,2024-03-21 18:53:00,2024-03-21 19:14:00,12.9,0,0
T0880,D054,V095,2024-05-01 03:59:00,2024-05-01 06:10:00,117.7,0,1
T0881,D045,V055,2024-04-24 23:48:00,2024-04-25 01:44:00,48.3,2,1
T0882,D037,V070,2024-07-04 06:33:00,2024-07-04 08:38:00,84.4,2,0
T0883,D030,V065,2024-02-26 20:03:00,2024-02-26 23:03:00,120.8,0,0
T0884,D078,V092,2024-06-17 15:59:00,2024-06-17 16:37:00,42.0,0,0
T0885,D050,V054,2024-06-21 22:16:00,2024-06-21 23:53:00,100.6,2,1
T0886,D021,V005,2024-06-08 07:04:00,2024-06-08 08:21:00,73.3,0,0
T0887,D012,V001,2024-06-19 16:28:00,2024-06-19 17:06:00,20.5,0,0
T0888,D021,V005,2024-06-04 16:47:00,2024-06-04 17:17:00,31.0,2,0
T0889,D064,V069,2024-03-18 08:00:00,2024-03-18 08:58:00,49.0,0,0
T0890,D003,V024,2024-04-01 08:54:00,2024-04-01 10:30:00,90.4,1,0
T0891,D023,V031,2024-05-08 01:05:00,2024-05-08 01:26:00,14.1,0,1
T0892,D015,V080,2024-02-28 04:07:00,2024-02-28 06:35:00,85.7,0,1
T0893,D034,V044,2024-07-19 12:07:00,2024-07-19 12:23:00,16.3,0,0
T0894,D072,V028,2024-03-09 05:09:00,2024-03-09 07:25:00,120.1,2,0
T0895,D014,V049,2024-06-29 01:43:00,2024-06-29 03:40:00,121.6,1,1
T0896,D015,V014,2024-07-19 20:50:00,2024-07-19 23:31:00,165.1,2,0
T0897,D014,V049,2024-05-23 01:25:00,2024-05-23 03:39:00,64.9,2,1
T0898,D016,V027,2024-04-02 05:21:00,2024-04-02 06:40:00,76.4,2,0
T0899,D065,V064,2024-07-06 03:23:00,2024-07-06 04:07:00,40.4,0,1
T0900,D043,V086,2024-02-05 04:11:00,2024-02-05 05:07:00,42.1,0,1
